/*!999999\- enable the sandbox mode */ 

/*!40101 SET @OLD_CHARACTER_SET_CLIENT=@@CHARACTER_SET_CLIENT */;
/*!40101 SET @OLD_CHARACTER_SET_RESULTS=@@CHARACTER_SET_RESULTS */;
/*!40101 SET @OLD_COLLATION_CONNECTION=@@COLLATION_CONNECTION */;
/*!40101 SET NAMES utf8mb4 */;
/*!40103 SET @OLD_TIME_ZONE=@@TIME_ZONE */;
/*!40103 SET TIME_ZONE='+00:00' */;
/*!40014 SET @OLD_UNIQUE_CHECKS=@@UNIQUE_CHECKS, UNIQUE_CHECKS=0 */;
/*!40014 SET @OLD_FOREIGN_KEY_CHECKS=@@FOREIGN_KEY_CHECKS, FOREIGN_KEY_CHECKS=0 */;
/*!40101 SET @OLD_SQL_MODE=@@SQL_MODE, SQL_MODE='NO_AUTO_VALUE_ON_ZERO' */;
/*!40111 SET @OLD_SQL_NOTES=@@SQL_NOTES, SQL_NOTES=0 */;
DROP TABLE IF EXISTS `activity_log`;
/*!40101 SET @saved_cs_client     = @@character_set_client */;
/*!40101 SET character_set_client = utf8 */;
CREATE TABLE `activity_log` (
  `id` bigint(20) unsigned NOT NULL AUTO_INCREMENT,
  `log_name` varchar(255) DEFAULT NULL,
  `description` text NOT NULL,
  `subject_type` varchar(255) DEFAULT NULL,
  `event` varchar(255) DEFAULT NULL,
  `subject_id` bigint(20) unsigned DEFAULT NULL,
  `causer_type` varchar(255) DEFAULT NULL,
  `causer_id` bigint(20) unsigned DEFAULT NULL,
  `properties` longtext CHARACTER SET utf8mb4 COLLATE utf8mb4_bin DEFAULT NULL CHECK (json_valid(`properties`)),
  `batch_uuid` char(36) DEFAULT NULL,
  `created_at` timestamp NULL DEFAULT NULL,
  `updated_at` timestamp NULL DEFAULT NULL,
  PRIMARY KEY (`id`),
  KEY `subject` (`subject_type`,`subject_id`),
  KEY `causer` (`causer_type`,`causer_id`),
  KEY `activity_log_log_name_index` (`log_name`)
) ENGINE=InnoDB AUTO_INCREMENT=7 DEFAULT CHARSET=utf8mb4 COLLATE=utf8mb4_unicode_ci;
/*!40101 SET character_set_client = @saved_cs_client */;

LOCK TABLES `activity_log` WRITE;
/*!40000 ALTER TABLE `activity_log` DISABLE KEYS */;
INSERT INTO `activity_log` VALUES
(1,'default','System mendaftarkan user baru: Masjid Agung Al Azhar (masjidagungalazhar@gmail.com)','App\\Models\\User','created',8,NULL,NULL,'{\"attributes\":{\"name\":\"Masjid Agung Al Azhar\",\"email\":\"masjidagungalazhar@gmail.com\",\"employee_id\":\"GOOGLE-UZXEC3TH\",\"role\":\"user\",\"is_active\":true}}',NULL,'2026-01-12 07:04:09','2026-01-12 07:04:09'),
(2,'default','Donar Azhar memulai proses backup (db)',NULL,NULL,NULL,'App\\Models\\User',1,'[]',NULL,'2026-01-12 07:05:16','2026-01-12 07:05:16'),
(3,'default','Donar Azhar berhasil membuat backup (db)',NULL,NULL,NULL,'App\\Models\\User',1,'{\"output\":\"Starting backup...\\nDumping database ittd_learnhub...\\nDetermining files to backup...\\nZipping 1 files and directories...\\nCreated zip containing 1 files and directories. Size is 58.43 KB\\nCopying zip to disk named local...\\nSuccessfully copied zip to disk named local.\\nBackup completed!\\n\"}',NULL,'2026-01-12 07:05:17','2026-01-12 07:05:17'),
(4,'default','Donar Azhar mendownload backup: 2026-01-12-07-05-16.zip',NULL,NULL,NULL,'App\\Models\\User',1,'{\"file\":\"2026-01-12-07-05-16.zip\"}',NULL,'2026-01-12 07:05:21','2026-01-12 07:05:21'),
(5,'default','Donar Azhar menghapus backup: 2026-01-12-07-05-16.zip',NULL,NULL,NULL,'App\\Models\\User',1,'{\"file\":\"2026-01-12-07-05-16.zip\"}',NULL,'2026-01-12 07:14:55','2026-01-12 07:14:55'),
(6,'default','Donar Azhar memulai proses backup (db)',NULL,NULL,NULL,'App\\Models\\User',1,'[]',NULL,'2026-01-12 07:21:38','2026-01-12 07:21:38');
/*!40000 ALTER TABLE `activity_log` ENABLE KEYS */;
UNLOCK TABLES;
DROP TABLE IF EXISTS `cache`;
/*!40101 SET @saved_cs_client     = @@character_set_client */;
/*!40101 SET character_set_client = utf8 */;
CREATE TABLE `cache` (
  `key` varchar(255) NOT NULL,
  `value` mediumtext NOT NULL,
  `expiration` int(11) NOT NULL,
  PRIMARY KEY (`key`)
) ENGINE=InnoDB DEFAULT CHARSET=utf8mb4 COLLATE=utf8mb4_unicode_ci;
/*!40101 SET character_set_client = @saved_cs_client */;

LOCK TABLES `cache` WRITE;
/*!40000 ALTER TABLE `cache` DISABLE KEYS */;
/*!40000 ALTER TABLE `cache` ENABLE KEYS */;
UNLOCK TABLES;
DROP TABLE IF EXISTS `cache_locks`;
/*!40101 SET @saved_cs_client     = @@character_set_client */;
/*!40101 SET character_set_client = utf8 */;
CREATE TABLE `cache_locks` (
  `key` varchar(255) NOT NULL,
  `owner` varchar(255) NOT NULL,
  `expiration` int(11) NOT NULL,
  PRIMARY KEY (`key`)
) ENGINE=InnoDB DEFAULT CHARSET=utf8mb4 COLLATE=utf8mb4_unicode_ci;
/*!40101 SET character_set_client = @saved_cs_client */;

LOCK TABLES `cache_locks` WRITE;
/*!40000 ALTER TABLE `cache_locks` DISABLE KEYS */;
/*!40000 ALTER TABLE `cache_locks` ENABLE KEYS */;
UNLOCK TABLES;
DROP TABLE IF EXISTS `course_reviews`;
/*!40101 SET @saved_cs_client     = @@character_set_client */;
/*!40101 SET character_set_client = utf8 */;
CREATE TABLE `course_reviews` (
  `id` bigint(20) unsigned NOT NULL AUTO_INCREMENT,
  `course_id` bigint(20) unsigned NOT NULL,
  `user_id` bigint(20) unsigned NOT NULL,
  `rating` tinyint(3) unsigned NOT NULL COMMENT '1-5',
  `review` text DEFAULT NULL,
  `created_at` timestamp NULL DEFAULT NULL,
  `updated_at` timestamp NULL DEFAULT NULL,
  PRIMARY KEY (`id`),
  UNIQUE KEY `course_reviews_course_id_user_id_unique` (`course_id`,`user_id`),
  KEY `course_reviews_course_id_index` (`course_id`),
  KEY `course_reviews_rating_index` (`rating`),
  KEY `course_reviews_user_id_foreign` (`user_id`),
  CONSTRAINT `course_reviews_course_id_foreign` FOREIGN KEY (`course_id`) REFERENCES `courses` (`id`) ON DELETE CASCADE,
  CONSTRAINT `course_reviews_user_id_foreign` FOREIGN KEY (`user_id`) REFERENCES `users` (`id`) ON DELETE CASCADE
) ENGINE=InnoDB DEFAULT CHARSET=utf8mb4 COLLATE=utf8mb4_unicode_ci;
/*!40101 SET character_set_client = @saved_cs_client */;

LOCK TABLES `course_reviews` WRITE;
/*!40000 ALTER TABLE `course_reviews` DISABLE KEYS */;
/*!40000 ALTER TABLE `course_reviews` ENABLE KEYS */;
UNLOCK TABLES;
DROP TABLE IF EXISTS `courses`;
/*!40101 SET @saved_cs_client     = @@character_set_client */;
/*!40101 SET character_set_client = utf8 */;
CREATE TABLE `courses` (
  `id` bigint(20) unsigned NOT NULL AUTO_INCREMENT,
  `created_by` bigint(20) unsigned NOT NULL,
  `title` varchar(255) NOT NULL,
  `slug` varchar(255) NOT NULL,
  `description` text NOT NULL,
  `thumbnail` varchar(255) DEFAULT NULL,
  `level` enum('beginner','intermediate','advanced') NOT NULL DEFAULT 'beginner',
  `estimated_duration` int(11) NOT NULL DEFAULT 0 COMMENT 'dalam menit',
  `status` enum('draft','published','archived') NOT NULL DEFAULT 'draft',
  `total_enrolled` int(11) NOT NULL DEFAULT 0,
  `average_rating` decimal(3,2) NOT NULL DEFAULT 0.00,
  `published_at` timestamp NULL DEFAULT NULL,
  `created_at` timestamp NULL DEFAULT NULL,
  `updated_at` timestamp NULL DEFAULT NULL,
  PRIMARY KEY (`id`),
  UNIQUE KEY `courses_slug_unique` (`slug`),
  KEY `courses_status_published_at_index` (`status`,`published_at`),
  KEY `courses_slug_index` (`slug`),
  KEY `courses_created_by_foreign` (`created_by`),
  CONSTRAINT `courses_created_by_foreign` FOREIGN KEY (`created_by`) REFERENCES `users` (`id`) ON DELETE CASCADE
) ENGINE=InnoDB AUTO_INCREMENT=9 DEFAULT CHARSET=utf8mb4 COLLATE=utf8mb4_unicode_ci;
/*!40101 SET character_set_client = @saved_cs_client */;

LOCK TABLES `courses` WRITE;
/*!40000 ALTER TABLE `courses` DISABLE KEYS */;
INSERT INTO `courses` VALUES
(1,2,'Renstra & Cetak Biru Pengembangan ITTD 2025-2030','renstra-cetak-biru-pengembangan-ittd-2025-2030','<p>Lorem ipsum dolor sit amet, consectetur adipiscing elit, sed do eiusmod tempor incididunt ut labore et dolore magna aliqua.&nbsp;</p>','courses/thumbnails/5S6NJLyPLPXMx76hs94SwCjMJIAyFbEKC9cv7W01.jpg','beginner',0,'published',3,0.00,'2026-01-07 03:46:41','2026-01-07 03:46:38','2026-01-09 00:15:28'),
(5,2,'Standar Manajemen Mutu  TI dan Transformasi Digital YPI Al Azhar','standar-manajemen-mutu-ti-dan-transformasi-digital-ypi-al-azhar','<p>Lorem ipsum dolor sit amet consectetur adipiscing elit</p>','courses/thumbnails/qWrQP6R5qR2KOteVJdC9BDqZQiyPB6U7rMAg53tD.jpg','beginner',0,'published',0,0.00,'2026-01-07 07:17:25','2026-01-07 07:17:22','2026-01-07 07:17:25'),
(6,1,'Standar Manajemen  Keamanan Informasi TI dan Transformasi Digital YPI Al Azhar','standar-manajemen-keamanan-informasi-ti-dan-transformasi-digital-ypi-al-azhar','<p>Lorem ipsum dolor sit amet consectetur adipiscing elit</p>','courses/thumbnails/6xlWh9ijqibCyjlyBeFaw4kEe6BRRYByClOoWS28.jpg','beginner',0,'published',0,0.00,'2026-01-07 07:29:34','2026-01-07 07:29:33','2026-01-07 07:29:34'),
(7,1,'Video Editing Dengan CapCut','video-editing-dengan-capcut','<p>Lorem ipsum dolor sit amet consectetur adipiscing elit</p>','courses/thumbnails/AQKEwbQSSzWMvFbilNccA77GDkRURTVSWoztdXje.jpg','beginner',0,'published',3,0.00,'2026-01-07 07:37:17','2026-01-07 07:37:15','2026-01-12 04:09:23'),
(8,1,'Desain Grafis Dengan Canva','desain-grafis-dengan-canva','<p>Lorem ipsum dolor sit amet consectetur adipiscing elit</p>','courses/thumbnails/UPosZmAW7pFZ1PBi7sszj8mH7WblFgvxnd4PcgJa.jpg','beginner',0,'published',1,0.00,'2026-01-12 07:03:35','2026-01-07 07:47:55','2026-01-12 07:04:16');
/*!40000 ALTER TABLE `courses` ENABLE KEYS */;
UNLOCK TABLES;
DROP TABLE IF EXISTS `discussion_replies`;
/*!40101 SET @saved_cs_client     = @@character_set_client */;
/*!40101 SET character_set_client = utf8 */;
CREATE TABLE `discussion_replies` (
  `id` bigint(20) unsigned NOT NULL AUTO_INCREMENT,
  `discussion_id` bigint(20) unsigned NOT NULL,
  `user_id` bigint(20) unsigned NOT NULL,
  `content` text NOT NULL,
  `created_at` timestamp NULL DEFAULT NULL,
  `updated_at` timestamp NULL DEFAULT NULL,
  PRIMARY KEY (`id`),
  KEY `discussion_replies_discussion_id_index` (`discussion_id`),
  KEY `discussion_replies_user_id_index` (`user_id`),
  CONSTRAINT `discussion_replies_discussion_id_foreign` FOREIGN KEY (`discussion_id`) REFERENCES `discussions` (`id`) ON DELETE CASCADE,
  CONSTRAINT `discussion_replies_user_id_foreign` FOREIGN KEY (`user_id`) REFERENCES `users` (`id`) ON DELETE CASCADE
) ENGINE=InnoDB AUTO_INCREMENT=3 DEFAULT CHARSET=utf8mb4 COLLATE=utf8mb4_unicode_ci;
/*!40101 SET character_set_client = @saved_cs_client */;

LOCK TABLES `discussion_replies` WRITE;
/*!40000 ALTER TABLE `discussion_replies` DISABLE KEYS */;
INSERT INTO `discussion_replies` VALUES
(1,1,3,'Kurang lengkap terkait pembahasan video editing','2026-01-07 08:15:49','2026-01-07 08:15:49'),
(2,3,6,'Is The Best','2026-01-12 07:20:55','2026-01-12 07:20:55');
/*!40000 ALTER TABLE `discussion_replies` ENABLE KEYS */;
UNLOCK TABLES;
DROP TABLE IF EXISTS `discussions`;
/*!40101 SET @saved_cs_client     = @@character_set_client */;
/*!40101 SET character_set_client = utf8 */;
CREATE TABLE `discussions` (
  `id` bigint(20) unsigned NOT NULL AUTO_INCREMENT,
  `lesson_id` bigint(20) unsigned NOT NULL,
  `user_id` bigint(20) unsigned NOT NULL,
  `title` varchar(255) NOT NULL,
  `content` text NOT NULL,
  `is_pinned` tinyint(1) NOT NULL DEFAULT 0,
  `replies_count` int(11) NOT NULL DEFAULT 0,
  `created_at` timestamp NULL DEFAULT NULL,
  `updated_at` timestamp NULL DEFAULT NULL,
  PRIMARY KEY (`id`),
  KEY `discussions_lesson_id_index` (`lesson_id`),
  KEY `discussions_user_id_index` (`user_id`),
  KEY `discussions_is_pinned_index` (`is_pinned`),
  CONSTRAINT `discussions_lesson_id_foreign` FOREIGN KEY (`lesson_id`) REFERENCES `lessons` (`id`) ON DELETE CASCADE,
  CONSTRAINT `discussions_user_id_foreign` FOREIGN KEY (`user_id`) REFERENCES `users` (`id`) ON DELETE CASCADE
) ENGINE=InnoDB AUTO_INCREMENT=4 DEFAULT CHARSET=utf8mb4 COLLATE=utf8mb4_unicode_ci;
/*!40101 SET character_set_client = @saved_cs_client */;

LOCK TABLES `discussions` WRITE;
/*!40000 ALTER TABLE `discussions` DISABLE KEYS */;
INSERT INTO `discussions` VALUES
(1,3,3,'Diskusi nya apa ?','Tulis diskusi kita',0,1,'2026-01-07 06:20:15','2026-01-07 08:15:49'),
(2,44,3,'Prject Akhir','Apa nih yang bagusnya',0,0,'2026-01-07 08:16:12','2026-01-07 08:16:12'),
(3,29,1,'Tambahin','Tambahin materi mengena',0,1,'2026-01-09 00:18:34','2026-01-12 07:20:55');
/*!40000 ALTER TABLE `discussions` ENABLE KEYS */;
UNLOCK TABLES;
DROP TABLE IF EXISTS `enrollments`;
/*!40101 SET @saved_cs_client     = @@character_set_client */;
/*!40101 SET character_set_client = utf8 */;
CREATE TABLE `enrollments` (
  `id` bigint(20) unsigned NOT NULL AUTO_INCREMENT,
  `user_id` bigint(20) unsigned NOT NULL,
  `course_id` bigint(20) unsigned NOT NULL,
  `enrolled_at` timestamp NOT NULL DEFAULT current_timestamp(),
  `completed_at` timestamp NULL DEFAULT NULL,
  `progress_percentage` decimal(5,2) NOT NULL DEFAULT 0.00,
  `last_accessed_lesson_id` bigint(20) unsigned DEFAULT NULL,
  PRIMARY KEY (`id`),
  UNIQUE KEY `enrollments_user_id_course_id_unique` (`user_id`,`course_id`),
  KEY `enrollments_user_id_index` (`user_id`),
  KEY `enrollments_course_id_index` (`course_id`),
  KEY `enrollments_last_accessed_lesson_id_foreign` (`last_accessed_lesson_id`),
  CONSTRAINT `enrollments_course_id_foreign` FOREIGN KEY (`course_id`) REFERENCES `courses` (`id`) ON DELETE CASCADE,
  CONSTRAINT `enrollments_last_accessed_lesson_id_foreign` FOREIGN KEY (`last_accessed_lesson_id`) REFERENCES `lessons` (`id`) ON DELETE SET NULL,
  CONSTRAINT `enrollments_user_id_foreign` FOREIGN KEY (`user_id`) REFERENCES `users` (`id`) ON DELETE CASCADE
) ENGINE=InnoDB AUTO_INCREMENT=9 DEFAULT CHARSET=utf8mb4 COLLATE=utf8mb4_unicode_ci;
/*!40101 SET character_set_client = @saved_cs_client */;

LOCK TABLES `enrollments` WRITE;
/*!40000 ALTER TABLE `enrollments` DISABLE KEYS */;
INSERT INTO `enrollments` VALUES
(1,3,1,'2026-01-07 03:50:35','2026-01-08 12:24:20',100.00,88),
(2,2,1,'2026-01-07 06:03:38',NULL,25.00,4),
(4,3,7,'2026-01-07 07:40:19',NULL,73.91,38),
(5,1,1,'2026-01-09 00:15:28',NULL,4.88,1),
(6,1,7,'2026-01-09 00:16:12',NULL,8.70,30),
(7,7,7,'2026-01-12 04:09:23',NULL,0.00,15),
(8,8,8,'2026-01-12 07:04:16',NULL,8.70,23);
/*!40000 ALTER TABLE `enrollments` ENABLE KEYS */;
UNLOCK TABLES;
DROP TABLE IF EXISTS `failed_jobs`;
/*!40101 SET @saved_cs_client     = @@character_set_client */;
/*!40101 SET character_set_client = utf8 */;
CREATE TABLE `failed_jobs` (
  `id` bigint(20) unsigned NOT NULL AUTO_INCREMENT,
  `uuid` varchar(255) NOT NULL,
  `connection` text NOT NULL,
  `queue` text NOT NULL,
  `payload` longtext NOT NULL,
  `exception` longtext NOT NULL,
  `failed_at` timestamp NOT NULL DEFAULT current_timestamp(),
  PRIMARY KEY (`id`),
  UNIQUE KEY `failed_jobs_uuid_unique` (`uuid`)
) ENGINE=InnoDB DEFAULT CHARSET=utf8mb4 COLLATE=utf8mb4_unicode_ci;
/*!40101 SET character_set_client = @saved_cs_client */;

LOCK TABLES `failed_jobs` WRITE;
/*!40000 ALTER TABLE `failed_jobs` DISABLE KEYS */;
/*!40000 ALTER TABLE `failed_jobs` ENABLE KEYS */;
UNLOCK TABLES;
DROP TABLE IF EXISTS `job_batches`;
/*!40101 SET @saved_cs_client     = @@character_set_client */;
/*!40101 SET character_set_client = utf8 */;
CREATE TABLE `job_batches` (
  `id` varchar(255) NOT NULL,
  `name` varchar(255) NOT NULL,
  `total_jobs` int(11) NOT NULL,
  `pending_jobs` int(11) NOT NULL,
  `failed_jobs` int(11) NOT NULL,
  `failed_job_ids` longtext NOT NULL,
  `options` mediumtext DEFAULT NULL,
  `cancelled_at` int(11) DEFAULT NULL,
  `created_at` int(11) NOT NULL,
  `finished_at` int(11) DEFAULT NULL,
  PRIMARY KEY (`id`)
) ENGINE=InnoDB DEFAULT CHARSET=utf8mb4 COLLATE=utf8mb4_unicode_ci;
/*!40101 SET character_set_client = @saved_cs_client */;

LOCK TABLES `job_batches` WRITE;
/*!40000 ALTER TABLE `job_batches` DISABLE KEYS */;
/*!40000 ALTER TABLE `job_batches` ENABLE KEYS */;
UNLOCK TABLES;
DROP TABLE IF EXISTS `jobs`;
/*!40101 SET @saved_cs_client     = @@character_set_client */;
/*!40101 SET character_set_client = utf8 */;
CREATE TABLE `jobs` (
  `id` bigint(20) unsigned NOT NULL AUTO_INCREMENT,
  `queue` varchar(255) NOT NULL,
  `payload` longtext NOT NULL,
  `attempts` tinyint(3) unsigned NOT NULL,
  `reserved_at` int(10) unsigned DEFAULT NULL,
  `available_at` int(10) unsigned NOT NULL,
  `created_at` int(10) unsigned NOT NULL,
  PRIMARY KEY (`id`),
  KEY `jobs_queue_index` (`queue`)
) ENGINE=InnoDB DEFAULT CHARSET=utf8mb4 COLLATE=utf8mb4_unicode_ci;
/*!40101 SET character_set_client = @saved_cs_client */;

LOCK TABLES `jobs` WRITE;
/*!40000 ALTER TABLE `jobs` DISABLE KEYS */;
/*!40000 ALTER TABLE `jobs` ENABLE KEYS */;
UNLOCK TABLES;
DROP TABLE IF EXISTS `lesson_attachments`;
/*!40101 SET @saved_cs_client     = @@character_set_client */;
/*!40101 SET character_set_client = utf8 */;
CREATE TABLE `lesson_attachments` (
  `id` bigint(20) unsigned NOT NULL AUTO_INCREMENT,
  `lesson_id` bigint(20) unsigned NOT NULL,
  `file_name` varchar(255) NOT NULL,
  `file_path` varchar(500) NOT NULL,
  `file_type` varchar(50) NOT NULL,
  `file_size` bigint(20) NOT NULL COMMENT 'dalam bytes',
  `created_at` timestamp NOT NULL DEFAULT current_timestamp(),
  PRIMARY KEY (`id`),
  KEY `lesson_attachments_lesson_id_index` (`lesson_id`),
  CONSTRAINT `lesson_attachments_lesson_id_foreign` FOREIGN KEY (`lesson_id`) REFERENCES `lessons` (`id`) ON DELETE CASCADE
) ENGINE=InnoDB DEFAULT CHARSET=utf8mb4 COLLATE=utf8mb4_unicode_ci;
/*!40101 SET character_set_client = @saved_cs_client */;

LOCK TABLES `lesson_attachments` WRITE;
/*!40000 ALTER TABLE `lesson_attachments` DISABLE KEYS */;
/*!40000 ALTER TABLE `lesson_attachments` ENABLE KEYS */;
UNLOCK TABLES;
DROP TABLE IF EXISTS `lesson_references`;
/*!40101 SET @saved_cs_client     = @@character_set_client */;
/*!40101 SET character_set_client = utf8 */;
CREATE TABLE `lesson_references` (
  `id` bigint(20) unsigned NOT NULL AUTO_INCREMENT,
  `lesson_id` bigint(20) unsigned NOT NULL,
  `title` varchar(255) NOT NULL,
  `url` varchar(500) NOT NULL,
  `type` enum('book','article','video','website') NOT NULL DEFAULT 'website',
  `order` int(11) NOT NULL DEFAULT 0,
  `created_at` timestamp NOT NULL DEFAULT current_timestamp(),
  PRIMARY KEY (`id`),
  KEY `lesson_references_lesson_id_index` (`lesson_id`),
  CONSTRAINT `lesson_references_lesson_id_foreign` FOREIGN KEY (`lesson_id`) REFERENCES `lessons` (`id`) ON DELETE CASCADE
) ENGINE=InnoDB DEFAULT CHARSET=utf8mb4 COLLATE=utf8mb4_unicode_ci;
/*!40101 SET character_set_client = @saved_cs_client */;

LOCK TABLES `lesson_references` WRITE;
/*!40000 ALTER TABLE `lesson_references` DISABLE KEYS */;
/*!40000 ALTER TABLE `lesson_references` ENABLE KEYS */;
UNLOCK TABLES;
DROP TABLE IF EXISTS `lessons`;
/*!40101 SET @saved_cs_client     = @@character_set_client */;
/*!40101 SET character_set_client = utf8 */;
CREATE TABLE `lessons` (
  `id` bigint(20) unsigned NOT NULL AUTO_INCREMENT,
  `module_id` bigint(20) unsigned NOT NULL,
  `title` varchar(255) NOT NULL,
  `slug` varchar(255) NOT NULL,
  `content` longtext DEFAULT NULL,
  `video_url` varchar(500) DEFAULT NULL COMMENT 'YouTube embed URL',
  `video_duration` int(11) DEFAULT NULL COMMENT 'dalam detik',
  `order` int(11) NOT NULL DEFAULT 0,
  `created_at` timestamp NULL DEFAULT NULL,
  `updated_at` timestamp NULL DEFAULT NULL,
  PRIMARY KEY (`id`),
  KEY `lessons_module_id_order_index` (`module_id`,`order`),
  KEY `lessons_slug_index` (`slug`),
  CONSTRAINT `lessons_module_id_foreign` FOREIGN KEY (`module_id`) REFERENCES `modules` (`id`) ON DELETE CASCADE
) ENGINE=InnoDB AUTO_INCREMENT=117 DEFAULT CHARSET=utf8mb4 COLLATE=utf8mb4_unicode_ci;
/*!40101 SET character_set_client = @saved_cs_client */;

LOCK TABLES `lessons` WRITE;
/*!40000 ALTER TABLE `lessons` DISABLE KEYS */;
INSERT INTO `lessons` VALUES
(1,1,'Kata Pengantar','kata-pengantar-ka-sekretariat-ypi-al-azhar','<p data-path-to-node=\"2\">Dengan penuh rasa syukur, kami mengucapkan terima kasih kepada Allah Subhanahu wa Ta\'ala atas penyelesaian penyusunan \"Dokumen Renstra dan Cetak Biru Pengembangan TI dan Transformasi Digital Yayasan Pesantren Islam Al Azhar untuk periode tahun 2025-2030\". Dokumen ini akan menjadi landasan operasional Bagian Teknologi Informasi &amp; Transformasi Digital sejalan dengan Rencana Pengembangan Jangka Panjang (RPJP) YPI Al Azhar.</p>\r\n<p data-path-to-node=\"3\">Penting untuk dicatat bahwa pelaksanaan Dokumen Renstra dan Cetak Biru ini dapat mengalami perubahan sesuai dengan dinamika kebutuhan organisasi dan operasional Yayasan Pesantren Islam Al Azhar yang terus berkembang seiring waktu. Namun, Bagian TI &amp; Transformasi Digital telah menyusun dokumen ini sebagai panduan dalam melaksanakan dukungan teknis serta rencana strategis untuk sekolah dan unit kerja manajemen, termasuk pengembangan program kerja selama lima tahun ke depan.</p>\r\n<p data-path-to-node=\"4\">Kami ingin menyampaikan penghargaan setinggi-tingginya kepada seluruh jajaran Pengurus YPI Al Azhar yang telah mendukung dan merestui terlaksananya kegiatan penyusunan dokumen ini serta memberikan arahan-arahan yang konstruktif. Tentunya penghargaan yang tinggi juga kami berikan kepada seluruh Tim Bagian TI dan Transformasi Digital yang telah bekerja keras menyusun dokumen ini hingga selesai dengan efektif dan efisien.</p>\r\n<p data-path-to-node=\"5\">Semoga upaya dan implementasi program kerja TI &amp; Transformasi Digital di lingkungan Al Azhar, yang didasarkan pada Dokumen Renstra dan Cetak Biru ini, dapat mendorong kemajuan Al Azhar dalam rangka menyambut era Revolusi Teknologi 5.0 yang sedang kita hadapi bersama.</p>\r\n<p data-path-to-node=\"6\">Jakarta, 12 Oktober 2024</p>\r\n<p data-path-to-node=\"6\"><strong data-path-to-node=\"6\" data-index-in-node=\"25\">Kepala Sekretariat YPI Al Azhar</strong></p>\r\n<p data-path-to-node=\"7\"><strong data-path-to-node=\"7\" data-index-in-node=\"0\">Drs. H. Yayat Suyatna, M.M.</strong></p>',NULL,NULL,2,'2026-01-07 03:51:14','2026-01-07 07:06:34'),
(2,1,'Glosarium','glosarium','<ul>\r\n<li>\r\n<p data-path-to-node=\"3,0,0\"><strong data-path-to-node=\"3,0,0\" data-index-in-node=\"0\">API (<em data-path-to-node=\"3,0,0\" data-index-in-node=\"5\">Application Programming Interface</em>):</strong> Sekumpulan definisi dan protokol yang memungkinkan berbagai aplikasi untuk saling berkomunikasi dan bertukar data. API digunakan untuk mengintegrasikan sistem yang berbeda.</p>\r\n</li>\r\n<li>\r\n<p data-path-to-node=\"3,1,0\"><strong data-path-to-node=\"3,1,0\" data-index-in-node=\"0\">Augmented Reality (AR):</strong> Teknologi yang menggabungkan elemen virtual (seperti gambar atau informasi) dengan dunia nyata melalui perangkat seperti <em data-path-to-node=\"3,1,0\" data-index-in-node=\"145\">smartphone</em> atau kacamata khusus.</p>\r\n</li>\r\n<li>\r\n<p data-path-to-node=\"3,2,0\"><strong data-path-to-node=\"3,2,0\" data-index-in-node=\"0\">Caching:</strong> Teknik menyimpan salinan data sementara di lokasi yang cepat diakses (seperti memori) untuk mempercepat waktu akses ketika data tersebut dibutuhkan lagi.</p>\r\n</li>\r\n<li>\r\n<p data-path-to-node=\"3,3,0\"><strong data-path-to-node=\"3,3,0\" data-index-in-node=\"0\">Cloud Computing:</strong> Penggunaan sumber daya komputasi (seperti <em data-path-to-node=\"3,3,0\" data-index-in-node=\"59\">server</em>, penyimpanan, dan aplikasi) yang disediakan melalui internet, memungkinkan akses fleksibel dan skalabilitas tanpa harus memiliki infrastruktur fisik sendiri.</p>\r\n</li>\r\n<li>\r\n<p data-path-to-node=\"3,4,0\"><strong data-path-to-node=\"3,4,0\" data-index-in-node=\"0\">Compliance Testing:</strong> Pengujian yang dilakukan untuk memastikan bahwa produk, layanan, atau sistem mematuhi standar, regulasi, atau peraturan tertentu yang berlaku.</p>\r\n</li>\r\n<li>\r\n<p data-path-to-node=\"3,5,0\"><strong data-path-to-node=\"3,5,0\" data-index-in-node=\"0\">Computer Security Incident Response Team (CSIRT):</strong> Tim yang bertanggung jawab untuk menangani dan merespons insiden keamanan komputer, termasuk serangan siber dan pelanggaran data, untuk meminimalkan kerusakan dan memperbaiki masalah.</p>\r\n</li>\r\n<li>\r\n<p data-path-to-node=\"3,6,0\"><strong data-path-to-node=\"3,6,0\" data-index-in-node=\"0\">Continuous Integration/Continuous Deployment (CI/CD) Pipeline:</strong> Proses otomatis yang memungkinkan pengembang untuk terus mengintegrasikan kode baru (<em data-path-to-node=\"3,6,0\" data-index-in-node=\"148\">CI</em>) dan langsung mendistribusikan atau merilisnya ke produksi (<em data-path-to-node=\"3,6,0\" data-index-in-node=\"211\">CD</em>) secara otomatis dan berkelanjutan.</p>\r\n</li>\r\n<li>\r\n<p data-path-to-node=\"3,7,0\"><strong data-path-to-node=\"3,7,0\" data-index-in-node=\"0\">DBMS (<em data-path-to-node=\"3,7,0\" data-index-in-node=\"6\">Database Management System</em>):</strong> Sistem perangkat lunak yang dirancang untuk mengelola, mengorganisir, dan memanipulasi basis data secara efisien, memungkinkan pengguna untuk menyimpan, mengakses, dan mengelola data.</p>\r\n</li>\r\n<li>\r\n<p data-path-to-node=\"3,8,0\"><strong data-path-to-node=\"3,8,0\" data-index-in-node=\"0\">Dedicated:</strong> Mengacu pada sumber daya yang sepenuhnya dialokasikan untuk satu pengguna atau tujuan tertentu, seperti <em data-path-to-node=\"3,8,0\" data-index-in-node=\"115\">server</em> yang hanya digunakan oleh satu perusahaan.</p>\r\n</li>\r\n<li>\r\n<p data-path-to-node=\"3,9,0\"><strong data-path-to-node=\"3,9,0\" data-index-in-node=\"0\">Deployment:</strong> Proses memasukkan aplikasi atau perangkat lunak ke dalam lingkungan produksi atau pengguna akhir, sehingga aplikasi tersebut dapat diakses dan digunakan.</p>\r\n</li>\r\n<li>\r\n<p data-path-to-node=\"3,10,0\"><strong data-path-to-node=\"3,10,0\" data-index-in-node=\"0\">Disaster Recovery Plan (DRP):</strong> Rencana strategis yang dirancang untuk memulihkan sistem, data, dan infrastruktur TI setelah terjadi bencana atau gangguan besar, seperti serangan siber atau kegagalan sistem.</p>\r\n</li>\r\n<li>\r\n<p data-path-to-node=\"3,11,0\"><strong data-path-to-node=\"3,11,0\" data-index-in-node=\"0\">Downtime:</strong> Waktu ketika sistem, jaringan, atau layanan tidak berfungsi atau tidak tersedia, sering kali karena perbaikan, kegagalan teknis, atau pemeliharaan.</p>\r\n</li>\r\n<li>\r\n<p data-path-to-node=\"3,12,0\"><strong data-path-to-node=\"3,12,0\" data-index-in-node=\"0\">Go/No-Go Decision:</strong> Keputusan kritis yang dibuat pada titik tertentu dalam proyek untuk menentukan apakah proyek tersebut dapat dilanjutkan ke tahap berikutnya (<em data-path-to-node=\"3,12,0\" data-index-in-node=\"160\">Go</em>) atau harus dihentikan/ditunda (<em data-path-to-node=\"3,12,0\" data-index-in-node=\"195\">No-Go</em>) karena masalah atau kekurangan.</p>\r\n</li>\r\n<li>\r\n<p data-path-to-node=\"3,13,0\"><strong data-path-to-node=\"3,13,0\" data-index-in-node=\"0\">Google Endpoint:</strong> Layanan Google untuk mengelola perangkat <em data-path-to-node=\"3,13,0\" data-index-in-node=\"58\">endpoint</em> yang digunakan dalam organisasi, seperti <em data-path-to-node=\"3,13,0\" data-index-in-node=\"108\">smartphone</em>, tablet, dan laptop, agar lebih aman dan efisien.</p>\r\n</li>\r\n<li>\r\n<p data-path-to-node=\"3,14,0\"><strong data-path-to-node=\"3,14,0\" data-index-in-node=\"0\">IaaS (<em data-path-to-node=\"3,14,0\" data-index-in-node=\"6\">Infrastructure as a Service</em>):</strong> Layanan <em data-path-to-node=\"3,14,0\" data-index-in-node=\"44\">cloud computing</em> yang menyediakan infrastruktur TI secara virtual, seperti <em data-path-to-node=\"3,14,0\" data-index-in-node=\"118\">server</em>, penyimpanan, dan jaringan, yang dapat diakses dan dikelola tanpa perlu membeli perangkat keras fisik.</p>\r\n</li>\r\n<li>\r\n<p data-path-to-node=\"3,15,0\"><strong data-path-to-node=\"3,15,0\" data-index-in-node=\"0\">Internet of Things (IoT):</strong> Jaringan perangkat fisik yang saling terhubung melalui internet, memungkinkan pertukaran data dan interaksi otomatis antara perangkat tanpa campur tangan manusia.</p>\r\n</li>\r\n<li>\r\n<p data-path-to-node=\"3,16,0\"><strong data-path-to-node=\"3,16,0\" data-index-in-node=\"0\">Jamf School:</strong> Platform manajemen perangkat yang dirancang khusus untuk institusi pendidikan, memudahkan pengelolaan perangkat Apple seperti iPad, iPhone, dan MacBook di sekolah.</p>\r\n</li>\r\n<li>\r\n<p data-path-to-node=\"3,17,0\"><strong data-path-to-node=\"3,17,0\" data-index-in-node=\"0\">Knowledge Management Platform:</strong> Sebuah sistem atau platform yang digunakan untuk mengelola, menyimpan, dan membagikan pengetahuan serta informasi di dalam sebuah organisasi untuk mendukung pengambilan keputusan.</p>\r\n</li>\r\n<li>\r\n<p data-path-to-node=\"3,18,0\"><strong data-path-to-node=\"3,18,0\" data-index-in-node=\"0\">Mikroservices:</strong> Arsitektur perangkat lunak yang memecah aplikasi besar menjadi serangkaian layanan kecil yang saling terpisah dan independen, sehingga memudahkan pengelolaan dan skalabilitas.</p>\r\n</li>\r\n<li>\r\n<p data-path-to-node=\"3,19,0\"><strong data-path-to-node=\"3,19,0\" data-index-in-node=\"0\">Network Operation Center (NOC):</strong> Pusat yang bertanggung jawab untuk memonitor, mengelola, dan memelihara jaringan komputer atau sistem TI organisasi guna menjaga kestabilan jaringan dan menangani <em data-path-to-node=\"3,19,0\" data-index-in-node=\"195\">troubleshooting</em>.</p>\r\n</li>\r\n<li>\r\n<p data-path-to-node=\"3,20,0\"><strong data-path-to-node=\"3,20,0\" data-index-in-node=\"0\">Performance Testing:</strong> Pengujian yang dilakukan untuk mengevaluasi kinerja sistem, aplikasi, atau jaringan, termasuk kecepatan respons dan penanganan beban kerja tertentu.</p>\r\n</li>\r\n<li>\r\n<p data-path-to-node=\"3,21,0\"><strong data-path-to-node=\"3,21,0\" data-index-in-node=\"0\">PIC (<em data-path-to-node=\"3,21,0\" data-index-in-node=\"5\">Person In Charge</em>):</strong> Seseorang yang ditunjuk dan bertanggung jawab untuk menangani atau mengawasi sebuah proyek, kegiatan, atau tugas tertentu dalam suatu organisasi.</p>\r\n</li>\r\n<li>\r\n<p data-path-to-node=\"3,22,0\"><strong data-path-to-node=\"3,22,0\" data-index-in-node=\"0\">Quality Assurance (QA):</strong> Proses memastikan bahwa produk atau layanan memenuhi standar kualitas yang diharapkan melalui pengujian dan kontrol kualitas selama proses pengembangan.</p>\r\n</li>\r\n<li>\r\n<p data-path-to-node=\"3,23,0\"><strong data-path-to-node=\"3,23,0\" data-index-in-node=\"0\">Quality of Service (QoS):</strong> Mekanisme untuk memastikan kinerja jaringan tetap optimal dengan mengelola <em data-path-to-node=\"3,23,0\" data-index-in-node=\"101\">bandwidth</em>, <em data-path-to-node=\"3,23,0\" data-index-in-node=\"112\">latency</em>, dan <em data-path-to-node=\"3,23,0\" data-index-in-node=\"125\">jitter</em>, serta memprioritaskan trafik jaringan yang penting.</p>\r\n</li>\r\n<li>\r\n<p data-path-to-node=\"3,24,0\"><strong data-path-to-node=\"3,24,0\" data-index-in-node=\"0\">Roadmap:</strong> Rencana strategis yang menjelaskan langkah-langkah atau fase yang harus diambil untuk mencapai tujuan tertentu dalam pengembangan produk, teknologi, atau proyek.</p>\r\n</li>\r\n<li>\r\n<p data-path-to-node=\"3,25,0\"><strong data-path-to-node=\"3,25,0\" data-index-in-node=\"0\">Scaling:</strong> Proses memperbesar atau memperkecil kapasitas sistem atau aplikasi, baik secara vertikal (meningkatkan sumber daya) maupun horizontal (menambahkan lebih banyak <em data-path-to-node=\"3,25,0\" data-index-in-node=\"169\">instance</em>).</p>\r\n</li>\r\n<li>\r\n<p data-path-to-node=\"3,26,0\"><strong data-path-to-node=\"3,26,0\" data-index-in-node=\"0\">Security Testing:</strong> Pengujian yang dilakukan untuk mengidentifikasi kerentanan dalam sistem, aplikasi, atau jaringan yang dapat dieksploitasi oleh pihak tidak bertanggung jawab.</p>\r\n</li>\r\n<li>\r\n<p data-path-to-node=\"3,27,0\"><strong data-path-to-node=\"3,27,0\" data-index-in-node=\"0\">Sekolah Cyber (Cyber School):</strong> Model pendidikan berbasis teknologi di mana murid dapat mengikuti kelas dan kegiatan pembelajaran secara daring (<em data-path-to-node=\"3,27,0\" data-index-in-node=\"143\">online</em>) tanpa harus hadir secara fisik di sekolah.</p>\r\n</li>\r\n<li>\r\n<p data-path-to-node=\"3,28,0\"><strong data-path-to-node=\"3,28,0\" data-index-in-node=\"0\">Software-Defined Wide Area Network (SD-WAN):</strong> Teknologi yang menggunakan perangkat lunak untuk mengelola dan mengoptimalkan jaringan area luas (WAN) dengan lebih efisien dibandingkan jaringan tradisional.</p>\r\n</li>\r\n<li>\r\n<p data-path-to-node=\"3,29,0\"><strong data-path-to-node=\"3,29,0\" data-index-in-node=\"0\">SSO (<em data-path-to-node=\"3,29,0\" data-index-in-node=\"5\">Single Sign On</em>):</strong> Sistem autentikasi yang memungkinkan pengguna mengakses beberapa aplikasi atau sistem dengan satu set kredensial login saja.</p>\r\n</li>\r\n<li>\r\n<p data-path-to-node=\"3,30,0\"><strong data-path-to-node=\"3,30,0\" data-index-in-node=\"0\">Throughput:</strong> Ukuran kecepatan transfer data riil dalam jaringan atau sistem dalam periode waktu tertentu.</p>\r\n</li>\r\n<li>\r\n<p data-path-to-node=\"3,31,0\"><strong data-path-to-node=\"3,31,0\" data-index-in-node=\"0\">UI (<em data-path-to-node=\"3,31,0\" data-index-in-node=\"4\">User Interface</em>):</strong> Antarmuka pengguna yang mencakup elemen visual dan interaktif yang digunakan saat berinteraksi dengan perangkat lunak atau aplikasi.</p>\r\n</li>\r\n<li>\r\n<p data-path-to-node=\"3,32,0\"><strong data-path-to-node=\"3,32,0\" data-index-in-node=\"0\">Usability Testing:</strong> Pengujian untuk menilai seberapa mudah dan intuitif suatu aplikasi digunakan oleh pengguna dalam menyelesaikan tugas-tugas tertentu.</p>\r\n</li>\r\n<li>\r\n<p data-path-to-node=\"3,33,0\"><strong data-path-to-node=\"3,33,0\" data-index-in-node=\"0\">User Experience Testing:</strong> Pengujian untuk mengevaluasi bagaimana pengguna akhir berinteraksi dengan produk dan tingkat kepuasan mereka terhadap pengalaman tersebut.</p>\r\n</li>\r\n<li>\r\n<p data-path-to-node=\"3,34,0\"><strong data-path-to-node=\"3,34,0\" data-index-in-node=\"0\">UX (<em data-path-to-node=\"3,34,0\" data-index-in-node=\"4\">User Experience</em>):</strong> Pengalaman keseluruhan yang dirasakan pengguna saat menggunakan produk atau layanan, mencakup aspek kenyamanan, kemudahan, dan kepuasan.</p>\r\n</li>\r\n<li>\r\n<p data-path-to-node=\"3,35,0\"><strong data-path-to-node=\"3,35,0\" data-index-in-node=\"0\">Virtual Machine (VM):</strong> Lingkungan komputasi virtual yang berjalan di atas perangkat keras fisik, memungkinkan pengoperasian sistem operasi seolah-olah menggunakan komputer fisik.</p>\r\n</li>\r\n<li>\r\n<p data-path-to-node=\"3,36,0\"><strong data-path-to-node=\"3,36,0\" data-index-in-node=\"0\">Virtual Reality (VR):</strong> Teknologi yang menciptakan lingkungan simulasi digital imersif, memungkinkan pengguna merasakan pengalaman virtual seolah-olah berada di dalamnya melalui <em data-path-to-node=\"3,36,0\" data-index-in-node=\"176\">headset</em> khusus</p>\r\n</li>\r\n</ul>',NULL,NULL,3,'2026-01-07 03:56:33','2026-01-07 07:06:34'),
(3,1,'Daftar Isi','daftar-isi','<ul>\r\n<li data-path-to-node=\"3,0,0\"><strong data-path-to-node=\"3,1,0\" data-index-in-node=\"0\">KATA PENGANTAR</strong></li>\r\n<li data-path-to-node=\"3,0,0\"><strong data-path-to-node=\"3,2,0\" data-index-in-node=\"0\">DAFTAR ISI</strong></li>\r\n<li data-path-to-node=\"3,0,0\"><strong data-path-to-node=\"3,3,0\" data-index-in-node=\"0\">GLOSARIUM</strong></li>\r\n</ul>\r\n<h4 data-path-to-node=\"5\"><strong data-path-to-node=\"5\" data-index-in-node=\"0\">BAB 01: PENDAHULUAN</strong></h4>\r\n<ul>\r\n<li data-path-to-node=\"6,0,0\"><strong data-path-to-node=\"6,0,0\" data-index-in-node=\"0\">Latar Belakang</strong></li>\r\n<li data-path-to-node=\"6,0,0\"><strong data-path-to-node=\"6,1,0\" data-index-in-node=\"0\">Tujuan</strong></li>\r\n<li data-path-to-node=\"6,0,0\"><strong data-path-to-node=\"6,2,0\" data-index-in-node=\"0\">Struktur Organisasi TI &amp; Transformasi Digital 2025-2030</strong></li>\r\n<li data-path-to-node=\"6,0,0\"><strong data-path-to-node=\"6,3,0\" data-index-in-node=\"0\">Tugas Pokok, Fungsi &amp; Deskripsi Pekerjaan</strong>\r\n<ul style=\"list-style-type: circle;\" data-path-to-node=\"6,3,1\">\r\n<li data-path-to-node=\"6,0,0\">Tupoksi Kepala Bagian TI &amp; Transformasi Digital</li>\r\n<li data-path-to-node=\"6,0,0\">Tupoksi Kepala Sub Bagian TI</li>\r\n<li data-path-to-node=\"6,0,0\">Kepala Sub Bagian Transformasi Digital</li>\r\n<li data-path-to-node=\"6,0,0\">Tupoksi Staf Perencanaan &amp; Pengembangan</li>\r\n<li data-path-to-node=\"6,0,0\">Tupoksi Staf Layanan Jaringan Internet</li>\r\n<li data-path-to-node=\"6,0,0\">Tupoksi Staf Layanan Teknis TI</li>\r\n<li data-path-to-node=\"6,0,0\">Tupoksi Staf TI Kampus</li>\r\n<li data-path-to-node=\"6,0,0\">Tupoksi Staf Analisis Digital</li>\r\n<li data-path-to-node=\"6,0,0\">Tupoksi Staf Operasional &amp; Basis Data</li>\r\n<li data-path-to-node=\"6,0,0\">Tupoksi Staf Pemrograman</li>\r\n<li data-path-to-node=\"6,0,0\">Tupoksi Staf UI / UX</li>\r\n<li data-path-to-node=\"6,0,0\">Tupoksi Staf Cyber Security</li>\r\n<li data-path-to-node=\"6,0,0\">Tupksi Staf Helpdesk</li>\r\n<li data-path-to-node=\"6,0,0\">Tupoksi Staf Tata Usaha (15)</li>\r\n</ul>\r\n</li>\r\n</ul>\r\n<h4 data-path-to-node=\"7\"><strong data-path-to-node=\"7\" data-index-in-node=\"0\">BAB 02: ANALISIS LINGKUNGAN DAN ORGANISASI</strong></h4>\r\n<ul data-path-to-node=\"8\">\r\n<li>\r\n<p data-path-to-node=\"8,0,0\"><strong data-path-to-node=\"8,0,0\" data-index-in-node=\"0\">2.1. Pengembangan Budaya Digital YPI Al Azhar</strong> (18)</p>\r\n</li>\r\n<li>\r\n<p data-path-to-node=\"8,1,0\"><strong data-path-to-node=\"8,1,0\" data-index-in-node=\"0\">2.2. Digitalisasi dan Otomasi</strong> (18)</p>\r\n</li>\r\n<li>\r\n<p data-path-to-node=\"8,2,0\"><strong data-path-to-node=\"8,2,0\" data-index-in-node=\"0\">2.3. Ekosistem Pembelajaran Daring</strong> (20)</p>\r\n</li>\r\n<li>\r\n<p data-path-to-node=\"8,3,0\"><strong data-path-to-node=\"8,3,0\" data-index-in-node=\"0\">2.4. Keamanan Data dan Informasi</strong> (21)</p>\r\n</li>\r\n<li>\r\n<p data-path-to-node=\"8,4,0\"><strong data-path-to-node=\"8,4,0\" data-index-in-node=\"0\">2.5. Standarisasi Perangkat Infrastruktur</strong> (21)</p>\r\n</li>\r\n</ul>\r\n<h4 data-path-to-node=\"9\"><strong data-path-to-node=\"9\" data-index-in-node=\"0\">BAB 03: ANALISIS PENGEMBANGAN JARINGAN KOMPUTER</strong></h4>\r\n<ul data-path-to-node=\"10\">\r\n<li>\r\n<p data-path-to-node=\"10,0,0\"><strong data-path-to-node=\"10,0,0\" data-index-in-node=\"0\">3.1. Hirarki Topologi</strong> (28)</p>\r\n</li>\r\n<li>\r\n<p data-path-to-node=\"10,1,0\"><strong data-path-to-node=\"10,1,0\" data-index-in-node=\"0\">3.2. Layanan Internet Al Azhar</strong> (28)</p>\r\n</li>\r\n<li>\r\n<p data-path-to-node=\"10,2,0\"><strong data-path-to-node=\"10,2,0\" data-index-in-node=\"0\">3.3. Pengembangan Internet YPI Al Azhar</strong> (31)</p>\r\n</li>\r\n</ul>\r\n<h4 data-path-to-node=\"11\"><strong data-path-to-node=\"11\" data-index-in-node=\"0\">BAB 04: ANALISIS PENGEMBANGAN SISTEM INFORMASI DIGITAL</strong></h4>\r\n<ul data-path-to-node=\"12\">\r\n<li>\r\n<p data-path-to-node=\"12,0,0\"><strong data-path-to-node=\"12,0,0\" data-index-in-node=\"0\">4.1. Tahapan Rencana Pengembangan Sistem Informasi Digital</strong> (36)</p>\r\n</li>\r\n<li>\r\n<p data-path-to-node=\"12,1,0\"><strong data-path-to-node=\"12,1,0\" data-index-in-node=\"0\">4.2. Pengembangan Aplikasi Digital Sekolah YPI Al Azhar</strong> (40)</p>\r\n</li>\r\n<li>\r\n<p data-path-to-node=\"12,2,0\"><strong data-path-to-node=\"12,2,0\" data-index-in-node=\"0\">4.3. Integrasi Database YPI Al Azhar</strong> (41)</p>\r\n</li>\r\n<li>\r\n<p data-path-to-node=\"12,3,0\"><strong data-path-to-node=\"12,3,0\" data-index-in-node=\"0\">4.4. Rencana Arsitektur Server YPI Al Azhar</strong> (43)</p>\r\n</li>\r\n<li>\r\n<p data-path-to-node=\"12,4,0\"><strong data-path-to-node=\"12,4,0\" data-index-in-node=\"0\">4.5. Program Mekanisme Umpan Balik (<em data-path-to-node=\"12,4,0\" data-index-in-node=\"36\">Feedback</em>) Berkelanjutan</strong> (44)</p>\r\n</li>\r\n<li>\r\n<p data-path-to-node=\"12,5,0\"><strong data-path-to-node=\"12,5,0\" data-index-in-node=\"0\">4.6. Program Literasi Digital untuk Pegawai</strong> (45)</p>\r\n</li>\r\n<li>\r\n<p data-path-to-node=\"12,6,0\"><strong data-path-to-node=\"12,6,0\" data-index-in-node=\"0\">4.7. Pelatihan Kepedulian Terhadap Keamanan Siber Bertahap</strong> (46)</p>\r\n</li>\r\n<li>\r\n<p data-path-to-node=\"12,7,0\"><strong data-path-to-node=\"12,7,0\" data-index-in-node=\"0\">4.8. Workshop Kolaborasi Digital Antar Unit</strong> (46)</p>\r\n</li>\r\n<li>\r\n<p data-path-to-node=\"12,8,0\"><strong data-path-to-node=\"12,8,0\" data-index-in-node=\"0\">4.9. Smart School (Sekolah Cerdas)</strong> (47)</p>\r\n</li>\r\n<li>\r\n<p data-path-to-node=\"12,9,0\"><strong data-path-to-node=\"12,9,0\" data-index-in-node=\"0\">4.10. Penggunaan AI untuk Analisis Data</strong> (47)</p>\r\n</li>\r\n</ul>\r\n<h4 data-path-to-node=\"13\"><strong data-path-to-node=\"13\" data-index-in-node=\"0\">BAB 05: ANALISIS KELAYAKAN</strong></h4>\r\n<ul data-path-to-node=\"14\">\r\n<li>\r\n<p data-path-to-node=\"14,0,0\"><strong data-path-to-node=\"14,0,0\" data-index-in-node=\"0\">5.1. SDM dan Pendanaan</strong> (50)</p>\r\n</li>\r\n<li>\r\n<p data-path-to-node=\"14,1,0\"><strong data-path-to-node=\"14,1,0\" data-index-in-node=\"0\">5.2. Kelembagaan dan Tata Kelola TI &amp; Transformasi Digital</strong> (51)</p>\r\n</li>\r\n<li>\r\n<p data-path-to-node=\"14,2,0\"><strong data-path-to-node=\"14,2,0\" data-index-in-node=\"0\">5.3. Rencana Penerapan <em data-path-to-node=\"14,2,0\" data-index-in-node=\"23\">Disaster Recovery Plan</em> (DRP) 2025-2030</strong> (52)</p>\r\n<ul data-path-to-node=\"14,2,1\">\r\n<li>\r\n<p data-path-to-node=\"14,2,1,0,0\">5.3.1. Prioritas Penyelamatan (52)</p>\r\n</li>\r\n<li>\r\n<p data-path-to-node=\"14,2,1,1,0\">5.3.2. Definisi Kerusakan (52)</p>\r\n</li>\r\n<li>\r\n<p data-path-to-node=\"14,2,1,2,0\">5.3.3. Tahapan Pelaksanaan DRP (53)</p>\r\n</li>\r\n</ul>\r\n</li>\r\n</ul>\r\n<h4 data-path-to-node=\"15\"><strong data-path-to-node=\"15\" data-index-in-node=\"0\">BAB 06: ANALISIS SWOT</strong></h4>\r\n<ul data-path-to-node=\"16\">\r\n<li>\r\n<p data-path-to-node=\"16,0,0\"><strong data-path-to-node=\"16,0,0\" data-index-in-node=\"0\">6.1. Strengths</strong> (58)</p>\r\n</li>\r\n<li>\r\n<p data-path-to-node=\"16,1,0\"><strong data-path-to-node=\"16,1,0\" data-index-in-node=\"0\">6.2. Weaknesses</strong> (58)</p>\r\n</li>\r\n<li>\r\n<p data-path-to-node=\"16,2,0\"><strong data-path-to-node=\"16,2,0\" data-index-in-node=\"0\">6.3. Opportunities</strong> (59)</p>\r\n</li>\r\n<li>\r\n<p data-path-to-node=\"16,3,0\"><strong data-path-to-node=\"16,3,0\" data-index-in-node=\"0\">6.4. Threats</strong> (59)</p>\r\n</li>\r\n</ul>\r\n<h4 data-path-to-node=\"17\"><strong data-path-to-node=\"17\" data-index-in-node=\"0\">BAB 07: PENUTUP</strong></h4>\r\n<ul data-path-to-node=\"18\">\r\n<li>\r\n<p data-path-to-node=\"18,0,0\"><strong data-path-to-node=\"18,0,0\" data-index-in-node=\"0\">Lampiran&ndash;lampiran</strong> (63)</p>\r\n</li>\r\n</ul>',NULL,NULL,1,'2026-01-07 03:59:59','2026-01-07 07:06:34'),
(4,2,'Latar Belakang','latar-belakang','<p data-path-to-node=\"0\">Berikut adalah versi yang telah diperbaiki susunannya agar rapi, mengalir secara logis, dan profesional untuk tampilan halaman web. Saya telah menyatukan kalimat yang terputus dan merapikan struktur Visi-Misi agar lebih menonjol.</p>\r\n<hr data-path-to-node=\"1\">\r\n<h3 data-path-to-node=\"2\"><strong data-path-to-node=\"2\" data-index-in-node=\"0\">Profil Bagian Teknologi Informasi dan Transformasi Digital (TI &amp; TD)</strong></h3>\r\n<p data-path-to-node=\"3\">Bagian Teknologi Informasi dan Transformasi Digital (TI &amp; TD) adalah sebuah unit kerja yang berada di bawah Sekretariat YPI Al Azhar. Tugas utama dari bagian ini adalah melaksanakan program-program Yayasan yang terkait dengan perencanaan, pengembangan, peningkatan, serta pencapaian kemajuan dalam bidang Teknologi Informasi dan Transformasi Digital.</p>\r\n<p data-path-to-node=\"4\">Bagian TI &amp; TD memiliki fokus utama pada pelaksanaan berbagai program yang mencakup pengembangan infrastruktur jaringan, implementasi aplikasi <em data-path-to-node=\"4\" data-index-in-node=\"143\">online</em> dalam berbagai kegiatan Yayasan, pendirian model <em data-path-to-node=\"4\" data-index-in-node=\"199\">cyber school</em>, pembangunan <em data-path-to-node=\"4\" data-index-in-node=\"225\">Al Azhar database server</em>, dan penyediaan layanan unggul dalam konteks kehadiran digital Yayasan. Program yang dilaksanakan dirancang untuk memastikan bahwa semua aspek tetap relevan dan mampu bersaing dalam era digital.</p>\r\n<p data-path-to-node=\"5\">Untuk mewujudkan visi dan misi yang berpegang pada semangat inovasi yang berkelanjutan, telah disusun dokumen <strong data-path-to-node=\"5\" data-index-in-node=\"110\">Renstra dan Cetak Biru Pengembangan TI dan Transformasi Digital YPI Al Azhar</strong>. Dokumen ini berfungsi agar seluruh kegiatan di Bagian TI &amp; TD menjadi lebih terarah, terkontrol, efektif, efisien, dan berkesinambungan.</p>\r\n<hr data-path-to-node=\"6\">\r\n<h4 data-path-to-node=\"7\"><strong data-path-to-node=\"7\" data-index-in-node=\"0\">Visi</strong></h4>\r\n<p data-path-to-node=\"8\">Menjadi pionir dalam pemanfaatan teknologi informasi dan transformasi digital dalam mengatasi tantangan masa depan, mempercepat pertumbuhan, serta menciptakan nilai tambah bagi YPI Al Azhar.</p>\r\n<h4 data-path-to-node=\"9\"><strong data-path-to-node=\"9\" data-index-in-node=\"0\">Misi</strong></h4>\r\n<ol start=\"1\" data-path-to-node=\"10\">\r\n<li>\r\n<p data-path-to-node=\"10,0,0\"><strong data-path-to-node=\"10,0,0\" data-index-in-node=\"0\">Inovasi Solusi:</strong> Mengembangkan dan menerapkan solusi teknologi inovatif untuk meningkatkan efisiensi operasional Yayasan.</p>\r\n</li>\r\n<li>\r\n<p data-path-to-node=\"10,1,0\"><strong data-path-to-node=\"10,1,0\" data-index-in-node=\"0\">Transformasi Digital:</strong> Mengidentifikasi peluang transformasi digital yang relevan dengan era teknologi serta mendorong pengadopsian teknologi yang memajukan pertumbuhan Teknologi Pendidikan.</p>\r\n</li>\r\n<li>\r\n<p data-path-to-node=\"10,2,0\"><strong data-path-to-node=\"10,2,0\" data-index-in-node=\"0\">Keamanan Data:</strong> Memastikan integritas, keamanan, dan ketersediaan data serta sistem teknologi informasi yang bermutu.</p>\r\n</li>\r\n<li>\r\n<p data-path-to-node=\"10,3,0\"><strong data-path-to-node=\"10,3,0\" data-index-in-node=\"0\">Budaya Berbasis Data:</strong> Membangun budaya kerja yang mempromosikan kolaborasi, kreativitas, dan pengambilan keputusan yang didukung data.</p>\r\n</li>\r\n<li>\r\n<p data-path-to-node=\"10,4,0\"><strong data-path-to-node=\"10,4,0\" data-index-in-node=\"0\">Monitoring Tren:</strong> Terus memantau dan mengevaluasi perkembangan teknologi terkini serta tren industri untuk tetap menjadi pionir dalam penerapan teknologi informasi dan transformasi digital.</p>\r\n</li>\r\n</ol>\r\n<hr data-path-to-node=\"11\">\r\n<p data-path-to-node=\"12\">Saat ini, Bagian TI &amp; TD aktif mempromosikan inovasi dan pengembangan baik di unit kerja maupun sekolah, guna menciptakan lingkungan kerja yang mendukung kolaborasi dan kreativitas. Dengan demikian, TI &amp; TD bukan hanya menjadi pelopor teknologi di Sekolah Islam Al Azhar, melainkan juga menjadi pendorong perubahan dan kemajuan yang menjadi elemen vital dalam pencapaian visi dan misi Yayasan.</p>',NULL,NULL,1,'2026-01-07 04:02:57','2026-01-07 04:04:02'),
(5,2,'Tujuan','tujuan','<h3 data-path-to-node=\"2\"><strong data-path-to-node=\"2\" data-index-in-node=\"0\">Tujuan Strategis Pengembangan TI</strong></h3>\r\n<p data-path-to-node=\"3\">Dokumen Renstra dan Cetak Biru Pengembangan TI ini disusun untuk mengintegrasikan berbagai pilar utama organisasi, mulai dari kebijakan pendidikan, penelitian, pengabdian masyarakat, administrasi dan keuangan, hingga <em data-path-to-node=\"3\" data-index-in-node=\"217\">knowledge-based system management</em>.</p>\r\n<p data-path-to-node=\"4\">Integrasi ini bertujuan agar sistem pendidikan yang dihasilkan bersifat transparan, akuntabel, efisien, dan efektif. Langkah ini sejalan dengan <strong data-path-to-node=\"4\" data-index-in-node=\"144\">Peraturan Menteri Kominfo Nomor 41/PER/M.KOMINFO/11/2007</strong> yang menegaskan pentingnya tata kelola Teknologi Informasi dan Komunikasi untuk mendukung <em data-path-to-node=\"4\" data-index-in-node=\"291\">good governance</em> dalam penyelenggaraan lembaga atau organisasi.</p>\r\n<h4 data-path-to-node=\"5\"><strong data-path-to-node=\"5\" data-index-in-node=\"0\">Tujuan Strategis Utama:</strong></h4>\r\n<p data-path-to-node=\"6\">Dalam rangka mencapai visi tersebut, dokumen ini menetapkan enam tujuan strategis:</p>\r\n<ol start=\"1\" data-path-to-node=\"7\">\r\n<li>\r\n<p data-path-to-node=\"7,0,0\"><strong data-path-to-node=\"7,0,0\" data-index-in-node=\"0\">Panduan Pembangunan:</strong> Menjadi pedoman utama pembangunan Teknologi Informasi selama lima tahun ke depan.</p>\r\n</li>\r\n<li>\r\n<p data-path-to-node=\"7,1,0\"><strong data-path-to-node=\"7,1,0\" data-index-in-node=\"0\">Integrasi Sistem &amp; Layanan:</strong> Meningkatkan integrasi sistem, data, dan layanan untuk memperkuat koherensi dengan layanan akademik serta manajemen secara menyeluruh.</p>\r\n</li>\r\n<li>\r\n<p data-path-to-node=\"7,2,0\"><strong data-path-to-node=\"7,2,0\" data-index-in-node=\"0\">Peningkatan Literasi TI:</strong> Meningkatkan literasi dan kecakapan Teknologi Informasi di seluruh lingkungan YPI Al Azhar.</p>\r\n</li>\r\n<li>\r\n<p data-path-to-node=\"7,3,0\"><strong data-path-to-node=\"7,3,0\" data-index-in-node=\"0\">Kemandirian Sumber Daya:</strong> Menghasilkan pendapatan secara profesional guna memperkuat dan meningkatkan sumber daya organisasi.</p>\r\n</li>\r\n<li>\r\n<p data-path-to-node=\"7,4,0\"><strong data-path-to-node=\"7,4,0\" data-index-in-node=\"0\">Keunggulan Kompetitif:</strong> Menciptakan nilai tambah dan keunggulan kompetitif melalui implementasi Teknologi Informasi yang tepat guna.</p>\r\n</li>\r\n<li>\r\n<p data-path-to-node=\"7,5,0\"><strong data-path-to-node=\"7,5,0\" data-index-in-node=\"0\">Tata Kelola Standar Internasional:</strong> Mewujudkan sistem manajemen berbasis TI yang mematuhi standar tata kelola sekolah yang baik (<em data-path-to-node=\"7,5,0\" data-index-in-node=\"128\">good school governance</em>) untuk mendukung peningkatan mutu sekolah di kancah nasional maupun internasional.</p>\r\n</li>\r\n</ol>',NULL,NULL,2,'2026-01-07 04:05:04','2026-01-07 04:06:27'),
(6,2,'Struktur Organisasi Bagian ITTD Tahun 2025 - 2030','struktur-organisasi-bagian-ti-td-tahun-2025-2030','<p data-path-to-node=\"3\">Struktur organisasi Bagian Teknologi Informasi dan Transformasi Digital (TI &amp; TD) dirancang secara sistematis untuk memastikan tata kelola digital yang efektif di bawah naungan <strong data-path-to-node=\"3\" data-index-in-node=\"177\">Kepala Sekretariat</strong>. Seluruh operasional dan kebijakan strategis pada bagian ini dipimpin langsung oleh seorang <strong data-path-to-node=\"3\" data-index-in-node=\"288\">Kepala Bagian TI &amp; TD</strong>.</p>\r\n<p data-path-to-node=\"4\">Dalam menjalankan fungsinya, Kepala Bagian TI &amp; TD membawahi <strong data-path-to-node=\"4\" data-index-in-node=\"61\">Staf Tata Usaha</strong> yang mendukung aspek administrasi, serta didampingi oleh dua sub-bagian utama yang saling berkolaborasi, yaitu:</p>\r\n<p data-path-to-node=\"5\"><strong data-path-to-node=\"5\" data-index-in-node=\"0\">1. Sub Bagian Teknologi Informasi (TI)</strong> Dipimpin oleh seorang <strong data-path-to-node=\"5\" data-index-in-node=\"61\">Kepala Sub Bagian TI</strong>, unit ini fokus pada penguatan infrastruktur dan layanan teknis yang terdiri dari:</p>\r\n<ul data-path-to-node=\"6\">\r\n<li>\r\n<p data-path-to-node=\"6,0,0\"><strong data-path-to-node=\"6,0,0\" data-index-in-node=\"0\">Staf Perencanaan dan Pengembangan:</strong> Bertanggung jawab atas cetak biru dan inovasi teknologi ke depan.</p>\r\n</li>\r\n<li>\r\n<p data-path-to-node=\"6,1,0\"><strong data-path-to-node=\"6,1,0\" data-index-in-node=\"0\">Staf Layanan Jaringan:</strong> Mengelola konektivitas dan stabilitas infrastruktur jaringan internet.</p>\r\n</li>\r\n<li>\r\n<p data-path-to-node=\"6,2,0\"><strong data-path-to-node=\"6,2,0\" data-index-in-node=\"0\">Staf TI Support:</strong> Memberikan dukungan teknis operasional harian.</p>\r\n</li>\r\n<li>\r\n<p data-path-to-node=\"6,3,0\"><strong data-path-to-node=\"6,3,0\" data-index-in-node=\"0\">Staf TI Kampus:</strong> Memastikan ketersediaan dan keandalan layanan TI di lingkungan kampus.</p>\r\n</li>\r\n</ul>\r\n<p data-path-to-node=\"7\"><strong data-path-to-node=\"7\" data-index-in-node=\"0\">2. Sub Bagian Transformasi Digital (TD)</strong> Dipimpin oleh seorang <strong data-path-to-node=\"7\" data-index-in-node=\"62\">Kepala Sub Bagian TD</strong>, unit ini berfokus pada pengembangan ekosistem digital dan keamanan data dengan tim yang terdiri dari:</p>\r\n<ul data-path-to-node=\"8\">\r\n<li>\r\n<p data-path-to-node=\"8,0,0\"><strong data-path-to-node=\"8,0,0\" data-index-in-node=\"0\">Staf Sistem Analisis Digital:</strong> Melakukan analisis kebutuhan dan integrasi sistem digital.</p>\r\n</li>\r\n<li>\r\n<p data-path-to-node=\"8,1,0\"><strong data-path-to-node=\"8,1,0\" data-index-in-node=\"0\">Staf Operasional dan Basis Data:</strong> Mengelola penyimpanan dan integritas data organisasi.</p>\r\n</li>\r\n<li>\r\n<p data-path-to-node=\"8,2,0\"><strong data-path-to-node=\"8,2,0\" data-index-in-node=\"0\">Staf Pemrograman:</strong> Mengembangkan dan memelihara aplikasi internal.</p>\r\n</li>\r\n<li>\r\n<p data-path-to-node=\"8,3,0\"><strong data-path-to-node=\"8,3,0\" data-index-in-node=\"0\">Staf UI / UX:</strong> Memastikan antarmuka dan pengalaman pengguna pada aplikasi digital tetap optimal.</p>\r\n</li>\r\n<li>\r\n<p data-path-to-node=\"8,4,0\"><strong data-path-to-node=\"8,4,0\" data-index-in-node=\"0\">Staf Cyber Security:</strong> Menjaga keamanan siber dan perlindungan data sensitif.</p>\r\n</li>\r\n<li>\r\n<p data-path-to-node=\"8,5,0\"><strong data-path-to-node=\"8,5,0\" data-index-in-node=\"0\">Staf Helpdesk:</strong> Menjadi pusat bantuan dan layanan pengaduan bagi pengguna sistem digital.</p>\r\n</li>\r\n</ul>',NULL,NULL,3,'2026-01-07 04:08:01','2026-01-07 04:09:22'),
(7,2,'Tupoksi & Job Deskripsi Kepala Bagian TI & Transformasi Digital','tupoksi-job-deskripsi-kepala-bagian-ti-transformasi-digital','<h3 data-path-to-node=\"0\"><strong data-path-to-node=\"0\" data-index-in-node=\"0\">Tugas &amp; Fungsi</strong></h3>\r\n<ul>\r\n<li data-path-to-node=\"1,0,0\">Penyusunan berbagai rencana/program kegiatan dan kebutuhan, antara lain: Rencana Kerja (Renja), Rencana Kebutuhan Sarana Prasarana, Personal, dan Anggaran Bagian Teknologi Informasi &amp; Transformasi Digital.</li>\r\n<li data-path-to-node=\"1,0,0\">Pengelolaan, pemeliharaan/perawatan, dan perbaikan inventaris, Sarpras, dan seluruh fasilitas pendukung pelaksanaan kegiatan di lingkungan Bagian Teknologi Informasi &amp; Transformasi Digital.</li>\r\n<li data-path-to-node=\"1,0,0\">Manajemen data pelaksanaan kegiatan di lingkungan Bagian Teknologi Informasi &amp; Transformasi Digital.</li>\r\n<li data-path-to-node=\"1,0,0\">Manajemen dan administrasi serta pembinaan personal di lingkungan Bagian Teknologi Informasi &amp; Transformasi Digital.</li>\r\n<li data-path-to-node=\"1,0,0\">Pelayanan Administrasi pengelolaan Teknologi Informasi di lingkungan Yayasan.</li>\r\n<li data-path-to-node=\"1,0,0\">Penyusunan laporan pelaksanaan kegiatan di lingkungan Bagian Teknologi Informasi &amp; Transformasi Digital.</li>\r\n</ul>\r\n<hr data-path-to-node=\"2\">\r\n<h3 data-path-to-node=\"3\"><strong data-path-to-node=\"3\" data-index-in-node=\"0\">Job Deskripsi</strong></h3>\r\n<ul>\r\n<li data-path-to-node=\"4,0,0\">Menerima, memproses surat-surat permohonan layanan pengelolaan Teknologi Informasi di lingkungan Yayasan untuk proses tindak lanjut.</li>\r\n<li data-path-to-node=\"4,0,0\">Melakukan layanan pembuatan, perawatan, dan perbaikan fasilitas jaringan Teknologi Informasi yang digunakan oleh unit-unit kegiatan di lingkungan Yayasan.</li>\r\n<li data-path-to-node=\"4,0,0\">Memantau secara berkelanjutan penggunaan fasilitas dan jaringan internet oleh pegawai dan jamaah Al Azhar.</li>\r\n<li data-path-to-node=\"4,0,0\">Memberikan arahan dan pembinaan teknis tentang penggunaan jaringan internet kepada pegawai dan jamaah Yayasan.</li>\r\n</ul>',NULL,NULL,4,'2026-01-07 04:10:41','2026-01-08 12:17:36'),
(8,2,'Tupoksi & Job Deskripsi Kepala Sub Bagian Teknologi Informasi','tupoksi-job-deskripsi-kepala-sub-bagian-teknologi-informasi','<h3 data-path-to-node=\"0\"><strong data-path-to-node=\"0\" data-index-in-node=\"0\">Tugas &amp; Fungsi</strong></h3>\r\n<ul>\r\n<li data-path-to-node=\"1,0,0\">Mengelola seluruh layanan pemanfaatan Teknologi Informasi di lingkungan YPI Al Azhar dengan memperhatikan prinsip-prinsip managerial yang efektif dan efisien.</li>\r\n<li data-path-to-node=\"1,0,0\">Bertanggung jawab terhadap pengaturan teknis layanan TI unit-unit di bawah YPI Al Azhar dengan mengoptimalkan sumber daya yang berada di bawahnya.</li>\r\n<li data-path-to-node=\"1,0,0\">Mengatur seluruh sumber daya TI YPI Al Azhar untuk pelayanan yang optimal.</li>\r\n<li data-path-to-node=\"1,0,0\">Menyusun&nbsp;<em data-path-to-node=\"1,3,0\" data-index-in-node=\"9\">blueprint</em> pengembangan TI YPI Al Azhar.</li>\r\n<li data-path-to-node=\"1,0,0\">Menjaga dan merawat seluruh sarana dan prasarana TI YPI Al Azhar.</li>\r\n<li data-path-to-node=\"1,0,0\">Melaksanakan berbagai inovasi di bidang TI yang dibutuhkan di lapangan.</li>\r\n<li data-path-to-node=\"1,0,0\">Melaksanakan berbagai pengadaan perangkat TI untuk kebutuhan jangka pendek dan panjang.</li>\r\n<li data-path-to-node=\"1,0,0\">Melakukan manajerial yang baik terhadap berbagai permintaan layanan dan pengembangan TI.</li>\r\n<li data-path-to-node=\"1,0,0\">Melaksanakan kontrol dan pengawasan terhadap layanan dan optimasi kinerja perangkat TI.</li>\r\n<li data-path-to-node=\"1,0,0\">Mengajukan permohonan status kepegawaian, kenaikan golongan, mutasi, demosi, dan promosi staf TI.</li>\r\n<li data-path-to-node=\"1,0,0\">Menyusun serta memaraf&nbsp;<em data-path-to-node=\"1,10,0\" data-index-in-node=\"23\">draft</em> surat dan proposal yang dibutuhkan di bidang TI.</li>\r\n<li data-path-to-node=\"1,0,0\">Melaksanakan visitasi lapangan terkait layanan TI baik terprogram maupun insidental.</li>\r\n<li data-path-to-node=\"1,0,0\">Menilai kinerja (DP4) staf-staf yang berada di bawahnya.</li>\r\n<li data-path-to-node=\"1,0,0\">Membuat dan melaksanakan seluruh program kerja di bidang pengembangan TI.</li>\r\n</ul>\r\n<hr data-path-to-node=\"2\">\r\n<h3 data-path-to-node=\"3\"><strong data-path-to-node=\"3\" data-index-in-node=\"0\">Job Deskripsi</strong></h3>\r\n<ul>\r\n<li data-path-to-node=\"4,0,0\">Mengatur seluruh sumber daya TI YPI Al Azhar untuk pelayanan yang optimal.</li>\r\n<li data-path-to-node=\"4,0,0\">Menyusun&nbsp;<em data-path-to-node=\"4,1,0\" data-index-in-node=\"9\">blueprint</em> pengembangan TI YPI Al Azhar.</li>\r\n<li data-path-to-node=\"4,0,0\">Menjaga dan merawat seluruh sarana dan prasarana TI YPI Al Azhar.</li>\r\n<li data-path-to-node=\"4,0,0\">Melaksanakan berbagai inovasi di bidang TI yang dibutuhkan di lapangan.</li>\r\n<li data-path-to-node=\"4,0,0\">Melaksanakan berbagai pengadaan perangkat TI untuk kebutuhan jangka pendek dan panjang.</li>\r\n<li data-path-to-node=\"4,0,0\">Melakukan manajerial yang baik terhadap berbagai permintaan layanan dan pengembangan TI.</li>\r\n</ul>',NULL,NULL,5,'2026-01-07 04:13:20','2026-01-08 12:19:16'),
(15,6,'Persetujuan Hak Cipta','persetujuan-hak-cipta','<p class=\"font-claude-response-body break-words whitespace-normal leading-[1.7]\">Materi pembelajaran Video Editing dengan CapCut dalam platform IT Learning Hub ini dikembangkan khusus untuk peningkatan kompetensi pegawai YPI Al Azhar dengan mempertimbangkan aspek hak cipta dan lisensi penggunaan. Peserta diwajibkan memahami dan menghormati hak kekayaan intelektual dalam penggunaan musik, footage video, font, dan elemen desain dengan hanya menggunakan aset legal dari sumber gratis seperti Pexels, Pixabay, Unsplash, YouTube Audio Library, atau aset berlisensi yang sesuai.</p>\r\n<p class=\"font-claude-response-body break-words whitespace-normal leading-[1.7]\"><img src=\"https://kontrakhukum.com/media/2022/11/pelanggaran-hak-cipta.jpg\" alt=\"\" width=\"594\" height=\"240\"></p>\r\n<p class=\"font-claude-response-body break-words whitespace-normal leading-[1.7]\">Penggunaan konten berhak cipta tanpa izin dapat berakibat pada content takedown, channel strikes, atau tuntutan hukum. Project video yang dibuat dapat digunakan untuk portofolio pribadi dan keperluan internal organisasi, namun untuk kepentingan komersial harus memastikan semua elemen memiliki lisensi yang sesuai. Dengan melanjutkan pembelajaran ini, peserta menyatakan telah memahami dan menyetujui untuk mematuhi semua ketentuan hak cipta yang berlaku, dan YPI Al Azhar tidak bertanggung jawab atas pelanggaran hak cipta yang dilakukan di luar konteks pembelajaran resmi.</p>',NULL,NULL,1,'2026-01-07 07:38:22','2026-01-08 00:52:55'),
(16,6,'Persyaratan Kemampuan','persyaratan-kemampuan','<p>Kursus Video Editing dengan CapCut ini dirancang untuk tingkat pemula hingga menengah, sehingga tidak memerlukan pengalaman mengedit video sebelumnya. Namun, peserta diharapkan memiliki kemampuan dasar literasi komputer seperti kemampuan navigasi sistem file, menginstal/menghapus instalasi aplikasi, dan pemahaman dasar tentang format file (MP4, MOV, JPG, PNG, MP3). Keakraban dengan smartphone dan aplikasi mobile akan sangat membantu karena CapCut tersedia baik di mobile maupun desktop, dan pembelajaran akan mencakup kedua platform dengan fokus pada alur kerja yang efisien di masing-masing perangkat.</p>\r\n<p>Kreativitas dan sense of visual storytelling menjadi soft skill yang penting dalam editing video. Peserta tidak perlu memiliki latar belakang desain profesional, namun apresiasi terhadap estetika, waktu, dan aliran narasi akan sangat membantu dalam menciptakan konten yang menarik. Kemampuan untuk berpikir secara visual - membayangkan bagaimana rangkaian pengambilan gambar akan mengalir bersama, mengatur waktu musik dengan elemen visual, dan memahami keterlibatan penonton - akan dikembangkan selama pembelajaran melalui berbagai latihan dan sesi umpan balik.</p>\r\n<p><img src=\"https://disnakertrans.ntbprov.go.id/wp-content/uploads/2020/09/soft-skills.png\" alt=\"\" width=\"650\" height=\"366\"></p>\r\n<p>Perhatian terhadap detail dan kesabaran adalah karakteristik penting dalam pengeditan video, karena proses sering melibatkan tugas berulang dan penyesuaian yang memerlukan ketelitian. Kemampuan untuk menerima kritik konstruktif dan kemauan untuk mengulangi proyek berkali-kali hingga mencapai hasil yang diinginkan juga penting untuk perbaikan. Pengeditan video adalah proses kreatif berulang dimana versi pertama jarang sempurna, dan keterbukaan untuk bereksperimen dengan pendekatan yang berbeda akan mempercepat kurva pembelajaran secara signifikan.</p>\r\n<p>Keterampilan manajemen waktu juga penting mengingat pengeditan video dapat memakan waktu, terutama bagi pemula. Peserta menyarankan mengalokasikan minimal 6-8 jam per minggu untuk mempelajari materi, mempraktikkan teknik, dan menyelesaikan tugas. Konsistensi lebih penting daripada menjejalkan - 1 jam latihan setiap hari lebih efektif dibandingkan 7 jam dalam satu hari. Dengan komitmen dan latihan yang teratur, peserta yang menyelesaikan kursus ini akan mampu menghasilkan video yang terlihat profesional untuk berbagai keperluan konten organisasi.</p>',NULL,NULL,2,'2026-01-07 07:39:51','2026-01-08 00:56:50'),
(17,6,'Prasyarat Tools','prasyarat-tools','<p>Untuk mengikuti pembelajaran Video Editing dengan CapCut secara optimal, peserta perlu mempersiapkan hardware dan software yang memadai. Smartphone adalah persyaratan utama untuk pengeditan seluler - minimal iPhone 7/Samsung Galaxy S8 atau setara dengan iOS 11.0+ atau Android 5.0+, penyimpanan minimal 4GB ruang kosong untuk file aplikasi dan proyek, dan RAM minimal 3GB untuk kelancaran kinerja. Untuk pengeditan desktop, PC/laptop dengan Windows 10 (64-bit) atau macOS 10.13+ diperlukan, dengan prosesor Intel Core i5 atau setara, RAM minimal 8GB (disarankan 16GB), kartu grafis khusus (opsional tetapi berguna untuk rendering), dan penyimpanan gratis minimum 10GB untuk aplikasi dan cache.</p>\r\n<p>CapCut dapat mengunduh gratis dari App Store (iOS), Google Play Store (Android), atau website resmi CapCut untuk versi desktop. Aplikasi ini sepenuhnya gratis tanpa tanda air atau biaya berlangganan, menjadikannya alat pembelajaran yang ideal. selalu Pastikan perbarui ke versi terbaru untuk mengakses fitur terbaru dan perbaikan bug. Untuk mentransfer file antar perangkat, penyimpanan cloud seperti Google Drive, Dropbox, atau iCloud berguna, atau menggunakan kabel USB untuk transfer langsung dari ponsel ke komputer.</p>\r\n<p><img src=\"https://biznethome.net/wp-content/uploads/2025/09/Proses-editing-video.jpg\" alt=\"\" width=\"605\" height=\"340\"></p>\r\n<p>Koleksi aset untuk proyek latihan sangat disarankan: unduh cuplikan sampel (minimal 10-20 klip video berbagai adegan), koleksi musik bebas royalti dari platform seperti YouTube Audio Library atau Free Music Archive, efek suara dari Freesound.org atau Zapsplat, dan stok foto dari Unsplash atau Pexels untuk pembuatan thumbnail. Memiliki rekaman pribadi dari ponsel cerdas juga berharga untuk berlatih dengan konten dunia nyata yang relevan dengan kebutuhan organisasi.</p>\r\n<p>Aksesori yang meningkatkan alur kerja meliputi: penyimpanan eksternal (hard drive eksternal atau SSD) untuk mem-backup proyek dan file media berukuran besar, headphone atau earphone dengan kualitas audio yang bagus untuk pengeditan audio yang presisi, tripod atau stabilizer untuk menangkap rekaman yang halus (jika akan membuat konten asli), dan monitor sekunder untuk pengeditan desktop (opsional tetapi meningkatkan produktivitas dengan lebih banyak ruang layar). Stylus atau tablet grafis dapat berguna untuk mengedit gerakan di tablet dengan tepat, meskipun tidak penting. Dengan persiapan alat yang tepat, pengalaman belajar akan jauh lebih lancar dan menyenangkan.</p>',NULL,NULL,3,'2026-01-07 07:41:01','2026-01-08 00:58:59'),
(18,6,'Mekanisme Belajar','mekanisme-belajar','<p>Pembelajaran Video Editing dengan CapCut menggunakan pendekatan pembelajaran berbasis proyek dimana setiap modul berujung pada proyek praktis yang semakin kompleks. Strukturnya dimulai dengan konsep dasar - memahami antarmuka, mengimpor media, pemotongan dasar, dan transisi - kemudian secara bertahap memperkenalkan fitur-fitur canggih seperti animasi keyframe, gradasi warna, pencampuran audio, dan efek. Setiap pembelajaran terdiri dari video instruksional dengan rekaman layar yang mendemonstrasikan teknik langkah demi langkah, bahan bacaan tambahan yang menjelaskan konsep secara teori, dan latihan langsung untuk praktik langsung.</p>\r\n<p>Tutorial lanjutan adalah metode pembelajaran inti dimana peserta membuat ulang proyek instruktur dengan aset yang disediakan untuk membangun memori otot dan pemahaman alur kerja. Setelah terbiasa dengan tutorial terpandu, proyek tantangan diberikan hanya dengan referensi singkat dan sampel, yang mengharuskan peserta untuk menerapkan teknik yang dipelajari secara mandiri. Sesi tinjauan sejawat mendorong berbagi pekerjaan yang sedang berlangsung dengan sesama peserta didik untuk menerima umpan balik dan paparan terhadap pendekatan kreatif yang berbeda. Umpan balik instruktur diberikan untuk tugas yang diserahkan dengan saran yang spesifik dan dapat ditindaklanjuti untuk perbaikan.</p>\r\n<p><img src=\"https://res.cloudinary.com/arkademi-tech/images/c_scale,w_436,h_291/f_auto,q_auto/v1675827703/9-Skill-Video-Editor-yang-Wajib-Dimiliki-Pemula/9-Skill-Video-Editor-yang-Wajib-Dimiliki-Pemula.webp?_i=AA\" alt=\"\" width=\"436\" height=\"291\"></p>\r\n<p>Elemen flipped classroom diintegrasikan di mana peserta menonton video instruksional sebelum sesi diskusi terjadwal, kemudian menggunakan sesi langsung untuk tanya jawab, pemecahan masalah umum, dan kiat-kiat lanjutan yang melampaui tutorial dasar. Berbagi layar selama sesi langsung memungkinkan demonstrasi pemecahan masalah secara real-time dan menjawab pertanyaan spesifik peserta. Sesi yang direkam tersedia untuk ditinjau atau untuk peserta yang tidak dapat hadir secara langsung.</p>\r\n<p>Pelacakan kemajuan melalui pengembangan portofolio di mana peserta membangun koleksi proyek yang telah selesai yang menunjukkan penguasaan berbagai teknik. Proyek akhir (capstone project) membutuhkan pembuatan video komprehensif (2-3 menit) yang menggabungkan berbagai keterampilan yang dipelajari - bercerita, teknik pengeditan, efek, pewarnaan, desain audio - untuk topik yang relevan dengan kebutuhan organisasi (dokumentasi acara, video tutorial, konten promosi, atau komunikasi internal). Titik pemeriksaan (milestone checkpoints) sepanjang pengembangan proyek akhir memastikan peserta berada di jalur yang benar dengan peluang untuk melakukan perubahan berdasarkan umpan balik. Kriteria penyelesaian bukan semata-mata kesempurnaan teknis tetapi demonstrasi pemahaman yang kuat tentang prinsip-prinsip dan kemampuan untuk menyelesaikan proyek profesional secara mandiri.</p>',NULL,NULL,4,'2026-01-07 07:41:30','2026-01-08 01:01:58'),
(19,6,'Forum Diskusi','forum-diskusi','<p>Forum diskusi untuk pembelajaran Pengeditan Video dengan CapCut berfungsi sebagai ruang pembelajaran kolaboratif dimana peserta dapat berbagi kemajuan, mengajukan pertanyaan, memecahkan masalah teknis, dan saling menginspirasi melalui karya kreatif. Forum diselenggarakan berdasarkan topik - Pengeditan Antarmuka &amp; Dasar, Transisi &amp; Efek, Pengeditan Audio, Penilaian Warna, Teknik Tingkat Lanjut, dan Galeri Showcase untuk berbagi proyek yang telah selesai. Setiap pelajaran juga memiliki rangkaian diskusi khusus untuk percakapan terfokus tentang teknik spesifik yang dibahas.</p>\r\n<p>Saat memposting pertanyaan di forum, berikan konteks yang memadai: jelaskan apa yang ingin dicapai, apa yang sudah dicoba, pesan kesalahan spesifik atau perilaku tak terduga yang ditemui, dan sertakan tangkapan layar atau rekaman layar pendek jika ada. Pertanyaan yang jelas dan spesifik mendapat tanggapan yang lebih bermanfaat dibandingkan pertanyaan yang tidak jelas. Sebelum memposting, cari forum untuk memeriksa apakah pertanyaan serupa sudah terjawab - ini menghemat waktu dan membantu menjaga organisasi forum. Saat menerima jawaban yang bermanfaat, tandai solusi dan nyatakan penghargaan atas waktu kontributor.</p>\r\n<p>Praktik terbaik untuk partisipasi termasuk kritik konstruktif ketika mengomentari karya orang lain - mulai dengan aspek positif, kemudian tawarkan saran khusus untuk perbaikan dengan penjelasan mengapa saran akan meningkatkan proyek. Hindari komentar umum seperti \"video bagus\" atau \"terlihat bagus\" yang tidak memberikan nilai yang dapat ditindaklanjuti. Bagikan sumber daya yang bermanfaat - tutorial, pustaka aset, penjelasan teknik - untuk memberi manfaat bagi komunitas. Dokumentasikan dan bagikan solusi saat mengatasi masalah yang menantang karena kemungkinan orang lain akan menghadapi masalah serupa.</p>\r\n<p>Etika forum penting untuk menjaga lingkungan belajar yang positif: hargai beragam tingkat keterampilan dan gaya kreatif, hindari bahasa yang meremehkan atau merendahkan, jaga agar diskusi tetap sesuai topik dan profesional, dan bersabar saat menunggu tanggapan (ingat peserta dan instruktur memiliki komitmen lain). Percakapan di luar topik dapat mengurangi fokus pendidikan, jadi simpan obrolan santai untuk area diskusi umum yang telah ditentukan. Rayakan keberhasilan orang lain dengan tulus - komunitas yang suportif meningkatkan pengalaman belajar setiap orang. Moderator akan secara aktif memantau untuk memastikan forum tetap menjadi ruang yang ramah dan produktif, dan memiliki wewenang untuk menghapus konten yang tidak pantas atau membatasi akses sementara untuk pelanggaran kebijakan berulang. Partisipasi aktif dan penuh hormat dalam forum secara signifikan memperkaya perjalanan belajar di luar praktik solo.</p>',NULL,NULL,5,'2026-01-07 07:42:36','2026-01-08 01:02:49'),
(20,6,'Glossarium','glossarium','<ul style=\"list-style-type: square;\">\r\n<li><strong>Rasio Aspek</strong> - Rasio perbandingan lebar terhadap tinggi bingkai video, umumnya dinyatakan sebagai 16:9 (layar lebar/lanskap), 9:16 (vertikal/potret untuk konten seluler), 1:1 (persegi untuk feed media sosial), atau 4:5 (vertikal untuk feed Instagram). Memilih rasio aspek yang tepat sangat penting untuk platform target dan pengalaman menonton.</li>\r\n<li><strong>B-Roll</strong> - Cuplikan tambahan yang dipotong dari aksi utama untuk menambah daya tarik visual, memberikan konteks, atau menutupi poin pengeditan dalam wawancara/narasi. Contoh: saat menceritakan tentang pekerjaan kantor, B-roll menunjukkan orang mengetik, rapat, lingkungan kantor untuk mengilustrasikan cerita secara visual.</li>\r\n<li><strong>Bitrate&nbsp;</strong>- Jumlah data yang diproses per satuan waktu dalam file video, biasanya diukur dalam Mbps (megabit per detik). Bitrate yang lebih tinggi umumnya berarti kualitas yang lebih baik tetapi ukuran file yang lebih besar. Seimbangkan bitrate dengan persyaratan platform dan batasan penyimpanan.</li>\r\n<li><strong>Chroma Key (Layar Hijau)&nbsp;</strong>- Teknik mengganti latar belakang warna solid (biasanya hijau terang atau biru) dengan gambar atau video yang berbeda. Membutuhkan pencahayaan yang baik dan keying yang bersih untuk komposit yang realistis. CapCut menyediakan fitur chroma key bawaan untuk penghapusan green screen dasar.</li>\r\n<li><strong>Color Grading</strong> - Proses penyesuaian warna dalam video untuk mencapai suasana atau estetika tertentu. Berbeda dengan koreksi warna (memperbaiki masalah eksposur/white balance), grading adalah proses kreatif untuk tujuan gaya. Termasuk menyesuaikan saturasi, kontras, bayangan, highlight, dan menerapkan LUT (Look-Up Tables).</li>\r\n<li><strong>Cuts&nbsp;</strong>- Titik edit dasar di mana satu klip berakhir dan klip lain dimulai. Jenisnya termasuk hard cut (transisi instan), J-cut (audio dari klip berikutnya dimulai sebelum video dipotong), dan L-cut (audio dari klip sebelumnya berlanjut setelah video dipotong). Pemotongan yang halus sangat penting untuk menjaga tempo dan alur.</li>\r\n<li><strong>Frame Rate (FPS)</strong> - Jumlah frame individual yang ditampilkan per detik dalam video. Frame rate umum: 24fps (tampilan sinematik), 30fps (video standar), 60fps (gerakan halus, bagus untuk olahraga/aksi). FPS yang lebih tinggi memungkinkan pemutaran slow-motion dengan kelancaran yang terjaga.</li>\r\n<li><strong>Keyframe</strong> - Penanda pada timeline yang menentukan titik awal atau akhir untuk animasi atau efek. CapCut menggunakan keyframe untuk menganimasikan posisi, skala, rotasi, opasitas, dan parameter efek seiring waktu. Animasi keyframe memungkinkan motion graphics yang dinamis dan tampak profesional.</li>\r\n<li><strong>LUT (Look-Up Table)</strong> - Formula color grading preset yang dengan cepat menerapkan penyesuaian warna/nada spesifik pada rekaman. LUT memberikan tampilan yang konsisten di beberapa klip atau mencocokkan estetika dari film referensi. Dapat diunduh atau dibuat khusus dan diterapkan dalam alat penyesuaian warna CapCut.</li>\r\n<li><strong>Mask</strong> - Bentuk atau jalur yang menentukan bagian mana dari layer yang terlihat atau dipengaruhi oleh efek. Digunakan untuk pengeditan selektif - menerapkan efek hanya pada sebagian frame, membuat transisi, atau menggabungkan beberapa video dengan cara kreatif. CapCut menawarkan berbagai bentuk mask dan jalur yang dapat disesuaikan.</li>\r\n<li><strong>Overlay&nbsp;</strong>- Layer yang ditempatkan di atas track video utama, dengan opasitas atau mode blending yang disesuaikan untuk membuat efek seperti kebocoran cahaya, butiran film, atau eksposur ganda. Overlay menambahkan tekstur dan daya tarik visual. Dapat dibuat dari stok footage atau elemen grafis.</li>\r\n<li><strong>Render&nbsp;</strong>- Proses menghasilkan file video akhir dari proyek yang diedit, menerapkan semua efek, transisi, dan penyesuaian. Rendering mengubah komposisi timeline menjadi file video yang dapat diputar. Waktu yang dibutuhkan tergantung pada kompleksitas proyek, panjang video, resolusi, dan daya pemrosesan perangkat.</li>\r\n<li><strong>Resolusi&nbsp;</strong>- Dimensi video yang diukur dalam piksel (lebar x tinggi). Resolusi umum: 1080p (1920x1080 HD), 4K (3840x2160 UHD), 720p (1280x720). Resolusi yang lebih tinggi berarti lebih detail tetapi ukuran file lebih besar dan waktu render lebih lama. Pilih berdasarkan rekaman sumber dan platform output yang diinginkan.</li>\r\n<li><strong>Timeline&nbsp;</strong>- Ruang kerja linier dalam perangkat lunak pengeditan tempat klip video, audio, efek, dan transisi diatur secara kronologis. Timeline CapCut memungkinkan pelapisan beberapa trek untuk pengeditan kompleks dengan kontrol yang tepat atas pengaturan waktu dan urutan.</li>\r\n<li><strong>Transisi&nbsp;</strong>- Efek yang diterapkan antara dua klip untuk perubahan halus dari satu bidikan ke bidikan lainnya. Jenis-jenis transisi meliputi dissolve (pudar bertahap), slide, zoom, dan transisi kreatif dengan motion graphics. Penggunaan transisi yang berlebihan dapat terlihat amatir - gunakan dengan tepat untuk meningkatkan penceritaan daripada mengganggu.</li>\r\n<li><strong>Trimming&nbsp;</strong>- Proses memotong awal atau akhir klip untuk menyesuaikan durasi. Pengeditan ripple secara otomatis menutup celah saat memangkas, sementara pemangkasan normal meninggalkan celah. Pemangkasan yang tepat sangat penting untuk mengatur tempo dan menghilangkan cuplikan yang tidak diinginkan sambil mempertahankan alur naratif.</li>\r\n<li><strong>Waveform&nbsp;</strong>- Representasi visual dari amplitudo audio dari waktu ke waktu, ditampilkan pada timeline. Waveform membantu menyinkronkan audio dengan aksi visual, mengidentifikasi masalah audio, dan membuat potongan yang tepat yang selaras dengan ketukan atau kata-kata yang diucapkan untuk pengeditan yang lebih baik.</li>\r\n</ul>',NULL,NULL,6,'2026-01-07 07:43:00','2026-01-08 01:05:58'),
(21,6,'Daftar Referensi','daftar-referensi','<p><strong>Sumber Daya Resmi:</strong></p>\r\n<ol>\r\n<li><strong>Situs Web Resmi CapCut (capcut.com)</strong> - Tautan unduhan, pengumuman fitur, dan tutorial resmi</li>\r\n<li><strong>Pusat Bantuan CapCut (capcut.com/help)</strong> - Dokumentasi lengkap, FAQ pemecahan masalah, dan spesifikasi teknis</li>\r\n<li><strong>Saluran YouTube CapCut</strong> - Video tutorial, pertunjukan fitur, dan inspirasi kreatif</li>\r\n</ol>\r\n<p><strong>Platform Pembelajaran:</strong></p>\r\n<ol>\r\n<li><strong>Kreator YouTube - Rekomendasi saluran:</strong> Howfinity (panduan langkah demi langkah), Aurelius Tjin (efek tingkat lanjut), Ali Abdaal (pengeditan produktivitas), Peter McKinnon (teknik sinematik)</li>\r\n<li><strong>Skillshare &amp; Udemy</strong> - Kursus CapCut terstruktur dengan file proyek dan sertifikat</li>\r\n</ol>\r\n<p><strong>Aset Stok (Gratis &amp; Bebas Royalti):</strong></p>\r\n<ol>\r\n<li><strong>Video Pexels (pexels.com/videos)</strong> - Cuplikan video stok gratis berkualitas tinggi</li>\r\n<li><strong>Pixabay (pixabay.com)</strong> - Gambar dan video gratis untuk B-roll</li>\r\n<li><strong>Freesound (freesound.org)</strong> - Basis data efek suara Creative Commons</li>\r\n<li><strong>Perpustakaan Audio YouTube</strong> - Musik dan efek suara gratis untuk YouTube</li>\r\n</ol>\r\n<p><strong>Inspirasi:</strong></p>\r\n<ol>\r\n<li><strong>Behance (behance.net)</strong> - Etalase pengeditan video profesional dan grafik gerak</li>\r\n<li><strong>Vimeo (vimeo.com)</strong> - Konten kreatif berkualitas tinggi dan Pilihan Staf Vimeo</li>\r\n<li><strong>Reel Instagram &amp; TikTok</strong> - Gaya pengeditan yang sedang tren dan teknik viral</li>\r\n</ol>\r\n<p>Sumber daya ini dapat dijelajahi lebih lanjut sesuai kebutuhan dan gaya belajar masing-masing. Bagikan temuan berharga dengan komunitas untuk saling memperkaya pembelajaran.</p>',NULL,NULL,7,'2026-01-07 07:43:40','2026-01-08 01:11:00'),
(22,7,'Persetujuan Hak Cipta','persetujuan-hak-cipta','<p class=\"font-claude-response-body break-words whitespace-normal leading-[1.7]\">Materi pembelajaran Desain Grafis dengan Canva yang disediakan dalam platform IT Learning Hub ini merupakan intellectual property yang dikembangkan untuk mendukung peningkatan kompetensi digital pegawai YPI Al-Azhar. Seluruh konten pembelajaran termasuk tutorial, template demo, dan studi kasus telah dirancang dengan memperhatikan aspek legalitas dan hak cipta dalam dunia desain grafis. Peserta kursus bertanggung jawab untuk memahami dan menghormati hak kekayaan intelektual dalam setiap aspek pembelajaran, khususnya dalam penggunaan elemen desain seperti font, foto, ilustrasi, ikon, dan template yang tersedia di platform Canva.</p>\r\n<p class=\"font-claude-response-body break-words whitespace-normal leading-[1.7]\">Canva menyediakan extensive library dengan millions of elements - photos, illustrations, icons, templates - dengan different licensing terms. Canva Free users memiliki akses ke free elements yang dapat digunakan untuk personal dan commercial projects dengan certain restrictions. Canva Pro subscription unlocks premium elements dengan broader usage rights. Sangat penting untuk understand dan respect these licensing differences - using premium elements tanpa subscription merupakan copyright infringement. Materi pembelajaran akan mengajarkan how to distinguish between free dan premium content, best practices untuk attribution ketika required, dan how to safely use elements dalam various contexts (personal, organizational, commercial).</p>\r\n<p class=\"font-claude-response-body break-words whitespace-normal leading-[1.7]\">Designs created menggunakan Canva dan elemen-elemennya subject to Canva\'s Content License Agreement. Generally, designs created dapat digunakan untuk personal dan commercial purposes, namun tidak boleh sell atau redistribute templates sebagai standalone products (e.g., selling Canva templates outside platform). If menggunakan photos atau illustrations dari Canva library, certain restrictions apply - cannot use images untuk trademark/logo purposes without model/property releases, cannot create misleading associations dengan people depicted dalam photos, dan cannot use dalam inappropriate atau defamatory contexts. Custom uploaded content (logo organisasi, photos pegawai, branded materials) remains property of uploader dengan full control over usage rights.</p>\r\n<p class=\"font-claude-response-body break-words whitespace-normal leading-[1.7]\">Materi pembelajaran ini untuk educational purposes dalam konteks internal YPI Al-Azhar dan tidak boleh didistribusikan ke pihak luar tanpa authorization. Projects created selama pembelajaran dapat digunakan untuk portofolio personal dan organizational needs, namun peserta bertanggung jawab memastikan semua elemen yang digunakan memiliki proper licensing untuk intended use case. Dengan melanjutkan pembelajaran, peserta menyatakan pemahaman dan commitment untuk comply dengan semua copyright regulations, Canva\'s Terms of Service, dan organizational policies regarding intellectual property. Questions regarding specific usage scenarios atau licensing dapat dikonsultasikan dengan instructor atau legal team untuk ensure compliance.</p>',NULL,NULL,1,'2026-01-07 07:48:55','2026-01-07 07:49:22'),
(23,7,'Persyaratan Kemampuan','persyaratan-kemampuan','<p class=\"font-claude-response-body break-words whitespace-normal leading-[1.7]\">Kursus Desain Grafis dengan Canva ini designed accessible untuk complete beginners tanpa prior design experience. Tidak diperlukan artistic skills atau technical design background - course akan build fundamental design principles dari ground up. Namun, basic computer literacy expected: ability untuk navigate web browsers, create dan manage online accounts, upload/download files, dan familiarity dengan standard software operations (copy, paste, undo, save). Comfort dengan using drag-and-drop interfaces dan basic file management akan memfasilitasi smooth learning experience.</p>\r\n<p class=\"font-claude-response-body break-words whitespace-normal leading-[1.7]\">Visual literacy dan appreciation untuk aesthetics, while tidak required, akan significantly enhance learning outcomes. Ability untuk observe dan analyze existing designs - noticing color combinations, layout choices, typography pairings, dan compositional balance - helps develop design eye faster. Peserta encouraged untuk actively consume visual media dengan critical perspective: observe advertisements, social media posts, presentations, dan publications dengan attention to what makes designs effective atau ineffective. This observational skill dapat developed through practice dan akan cultivated throughout course.</p>\r\n<p class=\"font-claude-response-body break-words whitespace-normal leading-[1.7]\">Creativity dan openness untuk experimentation essential dalam design learning process. Unlike disciplines dengan rigid right/wrong answers, design often involves subjective choices dan multiple valid approaches. Willingness untuk try different options, iterate pada designs, accept constructive feedback, dan revise work based on feedback crucial untuk growth. Peserta should comfortable dengan ambiguity dan understand bahwa design proficiency develops through practice dan repetition rather than memorization of rules.</p>\r\n<p class=\"font-claude-response-body break-words whitespace-normal leading-[1.7]\">Communication skills valuable karena design ultimately about conveying messages visually. Ability untuk articulate design intentions, explain creative choices, understand target audience needs, dan incorporate stakeholder feedback into design revisions important dalam professional design context. Peserta will practice presenting designs dan justifying decisions using design principles terminology learned during course. Time management dan organizational skills helpful given design projects dapat expansive - ability untuk break large projects into manageable tasks, set priorities, meet deadlines, dan maintain organized asset libraries contributes to productive design workflow. Dengan positive attitude dan willingness untuk learn, peserta dari any background dapat develop solid foundational design skills through this comprehensive Canva training.</p>',NULL,NULL,2,'2026-01-07 07:49:39','2026-01-07 07:50:11'),
(24,7,'Prasyarat Tools','prasyarat-tools','<p class=\"font-claude-response-body break-words whitespace-normal leading-[1.7]\">Untuk mengikuti pembelajaran Desain Grafis dengan Canva secara optimal, peserta memerlukan setup yang relatif simple namun adequate. Computer atau laptop dengan browser modern (Google Chrome, Firefox, Safari, atau Edge versi terbaru) adalah primary requirement. Minimum specifications: 4GB RAM, reasonable processor (tidak needs high-end), dan stable internet connection (minimum 5Mbps untuk smooth experience). Canva predominantly cloud-based platform, so most processing happens on server-side rather than local device, making performance requirements lenient. Screen resolution minimum 1366x768 recommended untuk comfortable workspace, though higher resolution provides better design canvas visibility.</p>\r\n<p class=\"font-claude-response-body break-words whitespace-normal leading-[1.7]\">Canva account adalah absolute necessity - free account adequate untuk majority of learning, though Canva Pro subscription recommended untuk accessing full feature set dan premium elements library. Educational institutions often eligible untuk Canva for Education (essentially Pro features gratis) - check dengan organizational admin jika YPI Al-Azhar has institutional account. Account creation simple: requires valid email address dan password, atau dapat sign up via Google/Facebook/Microsoft accounts untuk convenience. Verify email setelah signup untuk full account access dan security.</p>\r\n<p class=\"font-claude-response-body break-words whitespace-normal leading-[1.7]\">Mobile device (smartphone atau tablet) useful sebagai supplementary tool. Canva mobile app (iOS/Android) enables designing on-go, useful untuk quick edits, inspiration browsing, atau continuing work outside primary workstation. App interfaces similar to desktop web version dengan touch-optimized controls. However, complex design work best performed on desktop dengan larger screen dan precision pointer control. Tablet dengan stylus can bridge gap, offering portability dengan better precision than smartphone touch inputs.</p>\r\n<p class=\"font-claude-response-body break-words whitespace-normal leading-[1.7]\">Asset collection enhances learning dan project quality: gather organizational branding materials (logos, color codes, official fonts jika available), curate personal photo library untuk practice projects (high-quality images result dalam better designs), dan bookmark inspirational designs atau save to Canva folders untuk reference. Consider creating organizational Google Drive atau Dropbox folder untuk storing exported designs, maintaining version control, dan facilitating collaboration dengan team members. Browser extensions like ColorZilla (color picker) atau WhatFont (font identifier) help analyze designs encountered online untuk learning purposes.</p>\r\n<p class=\"font-claude-response-body break-words whitespace-normal leading-[1.7]\">Optional tools untuk enhanced workflow: secondary monitor expands workspace significantly, allowing reference materials displayed while designing; graphics tablet atau stylus untuk more natural drawing/editing if creating custom illustrations; quality headphones untuk watching tutorial videos tanpa disturbing others; dan notebook atau digital note-taking app untuk documenting learned techniques, keyboard shortcuts, dan personal design insights. Screenshot tool (built-in atau third-party like ShareX) useful untuk capturing inspiration atau documenting design process. Proper ergonomic setup (comfortable chair, good lighting, eye-level monitor positioning) important given design work often involves extended screen time. With these tools prepared, learning environment optimized untuk productive, comfortable design learning journey.</p>',NULL,NULL,3,'2026-01-07 07:50:25','2026-01-07 07:50:46'),
(25,7,'Mekanisme Belajar','mekanisme-belajar','<p class=\"font-claude-response-body break-words whitespace-normal leading-[1.7]\">Pembelajaran Desain Grafis dengan Canva menggunakan progressive skill-building approach starting dengan foundational design principles sebelum introducing technical Canva tools. Structure ensures conceptual understanding informs practical application rather than simply learning button locations. Each module combines theory (design principles explanation dengan real-world examples), demonstration (instructor creates designs while explaining thought process), dan hands-on practice (guided exercises followed by independent projects). This three-phase approach reinforces learning through multiple modalities - seeing, doing, dan applying independently.</p>\r\n<p class=\"font-claude-response-body break-words whitespace-normal leading-[1.7]\">Template recreation exercises form core learning methodology: peserta provided dengan finished design example dan challenged untuk recreate using Canva tools. This reverse-engineering process builds technical proficiency while developing eye untuk design details - spacing, alignment, color choices, typography. Initially, step-by-step guidance provided; progressively, less scaffolding given until peserta can analyze dan replicate professional designs independently. Templates span various categories (social media posts, presentations, infographics, flyers) ensuring breadth of experience across common organizational needs.</p>\r\n<p class=\"font-claude-response-body break-words whitespace-normal leading-[1.7]\">Design challenges introduce creative problem-solving by providing only brief dan constraints (e.g., \"create Instagram post promoting upcoming event, must include logo dan event details, target audience young adults\") requiring peserta untuk make all design decisions independently. These challenges simulate real-world scenarios where designers receive incomplete specifications dan must fill gaps dengan appropriate creative choices. Peer critique sessions where learners present work dan receive structured feedback develop critical evaluation skills dan expose learners ke diverse design approaches.</p>\r\n<p class=\"font-claude-response-body break-words whitespace-normal leading-[1.7]\">Self-paced learning accommodated melalui modular structure - lessons dapat completed dalam any order after foundational modules, allowing learners untuk focus on immediately relevant skills (e.g., prioritizing presentation design if upcoming organizational event requires slide decks). Checkpoints throughout course ensure prerequisite knowledge mastered before advancing. Office hours atau Q&amp;A sessions provide direct instructor access untuk troubleshooting, advanced questions, atau personalized guidance.</p>\r\n<p class=\"font-claude-response-body break-words whitespace-normal leading-[1.7]\">Portfolio development runs parallel to skill acquisition - each completed project added to growing portfolio demonstrating progression dari basic to sophisticated designs. Final capstone project requires creating cohesive brand identity campaign (social media series, presentation template, event flyer, email newsletter) showcasing ability untuk maintain consistent visual language across multiple deliverables. This capstone serves as both learning consolidation dan professional portfolio artifact. Assessment based on demonstrated understanding of design principles applied within constraints (target audience, organizational branding, platform specifications) rather than subjective artistic merit, ensuring fair evaluation accessible to designers dengan varying aesthetic preferences while maintaining professional standards.</p>',NULL,NULL,4,'2026-01-07 07:51:04','2026-01-07 07:51:18'),
(26,7,'Forum Diskusi','forum-diskusi','<p class=\"font-claude-response-body break-words whitespace-normal leading-[1.7]\">Forum diskusi untuk pembelajaran Desain Grafis dengan Canva structured untuk facilitate knowledge sharing, creative inspiration, dan community support. Organization follows dual taxonomy: skill-based sections (Typography &amp; Fonts, Color Theory &amp; Palettes, Layout &amp; Composition, Branding &amp; Identity, Technical Canva Features) dan project-type sections (Social Media Graphics, Presentations, Print Materials, Infographics, Video &amp; Animation). This structure helps learners quickly locate relevant discussions whether seeking technique-specific help atau project-type inspiration.</p>\r\n<p class=\"font-claude-response-body break-words whitespace-normal leading-[1.7]\">Showcase Gallery adalah special forum section dedicated purely untuk sharing completed projects, receiving feedback, dan celebrating achievements. Strong portfolio culture encouraged - posting works-in-progress invites constructive criticism helping refine designs before finalization. When sharing designs, include context: intended purpose, target audience, specific techniques employed, dan areas where feedback particularly desired. Screenshots sufficient untuk static designs; animated atau interactive projects benefit from video recordings atau direct Canva project links (using share function dengan edit permissions if seeking collaborative feedback).</p>\r\n<p class=\"font-claude-response-body break-words whitespace-normal leading-[1.7]\">Feedback provision follows structured critique format untuk ensure helpfulness: start dengan what works well (e.g., \"excellent color harmony,\" \"clear visual hierarchy\"), then offer specific improvements dengan rationale (e.g., \"increasing line spacing would improve readability because...\" rather than vague \"text seems off\"). Reference design principles learned dalam course untuk ground critiques dalam shared knowledge framework. Avoid purely subjective statements (\"I don\'t like it\") without actionable suggestions. Remember design serves purpose beyond personal preference - evaluate against intended goals dan target audience rather than personal taste exclusively.</p>\r\n<p class=\"font-claude-response-body break-words whitespace-normal leading-[1.7]\">Resource sharing highly encouraged: bookmark-worthy design inspiration websites, useful Canva tutorials covering topics beyond course scope, font pairings discovered, color palette generators, atau productivity tips untuk efficient workflow. When sharing external resources, provide brief description of why valuable dan how relates to coursework. Template shares popular - peserta often create useful templates (e.g., consistent branded social media templates for organizational use) dan generously share with community, amplifying collective capability.</p>\r\n<p class=\"font-claude-response-body break-words whitespace-normal leading-[1.7]\">Technical troubleshooting section dedicated untuk resolving Canva-specific issues: unexpected behaviors, feature access questions, export problems, browser compatibility issues. Before posting technical questions, check Canva Help Center dan search forum archives untuk existing solutions. When describing technical issues, include device information (operating system, browser version), steps leading to problem, expected versus actual outcomes, dan screenshots where applicable. This complete information enables faster, more accurate troubleshooting responses.</p>\r\n<p class=\"font-claude-response-body break-words whitespace-normal leading-[1.7]\">Forum etiquette maintains supportive learning environment: celebrate others\' creative successes genuinely, maintain respectful tone even when offering critique, attribute ideas appropriately when borrowing techniques from others\' shared work, stay on-topic to maintain forum usefulness, dan report inappropriate content atau behavior to moderators promptly. Weekly featured designs highlighting exemplary work motivate quality contributions. Monthly design challenges with themes posted by instructors encourage active participation dan friendly competition. Active, thoughtful forum engagement transforms solitary design practice into collaborative learning community, significantly enriching educational experience dan building valuable professional network within organization.</p>',NULL,NULL,5,'2026-01-07 07:51:48','2026-01-07 07:52:10'),
(27,7,'Glossarium','glossarium','<div data-test-render-count=\"2\">\r\n<div class=\"group\">\r\n<div class=\"group relative relative pb-3\" data-is-streaming=\"false\">\r\n<div class=\"font-claude-response relative leading-[1.65rem] [&amp;_pre&gt;div]:bg-bg-000/50 [&amp;_pre&gt;div]:border-0.5 [&amp;_pre&gt;div]:border-border-400 [&amp;_.ignore-pre-bg&gt;div]:bg-transparent [&amp;_.standard-markdown_:is(p,blockquote,h1,h2,h3,h4,h5,h6)]:pl-2 [&amp;_.standard-markdown_:is(p,blockquote,ul,ol,h1,h2,h3,h4,h5,h6)]:pr-8 [&amp;_.progressive-markdown_:is(p,blockquote,h1,h2,h3,h4,h5,h6)]:pl-2 [&amp;_.progressive-markdown_:is(p,blockquote,ul,ol,h1,h2,h3,h4,h5,h6)]:pr-8\">\r\n<div>\r\n<div class=\"standard-markdown grid-cols-1 grid gap-4 [&amp;_&gt;_*]:min-w-0 standard-markdown\">\r\n<p class=\"font-claude-response-body break-words whitespace-normal leading-[1.7]\"><strong>Alignment</strong> - Positioning of elements relative to each other atau to page edges. Proper alignment creates order dan cohesion; common types include left, right, center, justified. Canva provides alignment tools dan smart guides untuk achieving precise alignment automatically.</p>\r\n<p class=\"font-claude-response-body break-words whitespace-normal leading-[1.7]\"><strong>Anchor Point</strong> - Fixed reference point dalam design governing how elements positioned or resized. Understanding anchor points crucial untuk maintaining proportions ketika scaling elements dan untuk creating balanced asymmetrical layouts.</p>\r\n<p class=\"font-claude-response-body break-words whitespace-normal leading-[1.7]\"><strong>Balance</strong> - Distribution of visual weight dalam composition. Symmetrical balance creates formal, stable feel dengan mirrored elements; asymmetrical balance achieves equilibrium dengan different-sized elements strategically placed. Canva\'s grid systems assist dalam achieving balanced layouts.</p>\r\n<p class=\"font-claude-response-body break-words whitespace-normal leading-[1.7]\"><strong>Bleed</strong> - Area extending beyond final trim size dalam print design, ensuring no white borders after cutting. Typically 0.125\" beyond edges. Important untuk print projects; digital designs generally don\'t require bleeds. Canva print templates include appropriate bleed areas automatically.</p>\r\n<p class=\"font-claude-response-body break-words whitespace-normal leading-[1.7]\"><strong>Brand Kit</strong> - Collection of brand elements&nbsp;(logos, colors, fonts) saved dalam Canva untuk consistent application across designs. Canva Pro feature enabling one-click access organizational branding, ensuring consistency dalam all materials created.</p>\r\n</div>\r\n</div>\r\n</div>\r\n</div>\r\n<div class=\"flex justify-start opacity-0 group-hover:opacity-100 group-focus-within:opacity-100 transition\" role=\"group\" aria-label=\"Message actions\">\r\n<div class=\"text-text-300\">\r\n<div class=\"text-text-300 flex items-stretch justify-between\">\r\n<div class=\"w-fit\" data-state=\"closed\">\r\n<div class=\"relative text-text-500 group-hover/btn:text-text-100\">&nbsp;</div>\r\n</div>\r\n<div class=\"w-fit\" data-state=\"closed\">&nbsp;</div>\r\n<div class=\"w-fit\" data-state=\"closed\">&nbsp;</div>\r\n</div>\r\n</div>\r\n</div>\r\n</div>\r\n</div>\r\n<div data-test-render-count=\"1\">\r\n<div class=\"group\">\r\n<div class=\"group relative relative pb-3\" data-is-streaming=\"true\">\r\n<div class=\"font-claude-response relative leading-[1.65rem] [&amp;_pre&gt;div]:bg-bg-000/50 [&amp;_pre&gt;div]:border-0.5 [&amp;_pre&gt;div]:border-border-400 [&amp;_.ignore-pre-bg&gt;div]:bg-transparent [&amp;_.standard-markdown_:is(p,blockquote,h1,h2,h3,h4,h5,h6)]:pl-2 [&amp;_.standard-markdown_:is(p,blockquote,ul,ol,h1,h2,h3,h4,h5,h6)]:pr-8 [&amp;_.progressive-markdown_:is(p,blockquote,h1,h2,h3,h4,h5,h6)]:pl-2 [&amp;_.progressive-markdown_:is(p,blockquote,ul,ol,h1,h2,h3,h4,h5,h6)]:pr-8\">\r\n<div class=\"progressive-markdown grid-cols-1 grid [&amp;_&gt;_*]:min-w-0 gap-4 progressive-markdown\">\r\n<div>\r\n<div class=\"standard-markdown grid-cols-1 grid gap-4 [&amp;_&gt;_*]:min-w-0\">\r\n<p class=\"font-claude-response-body break-words whitespace-normal leading-[1.7]\"><strong>Contrast</strong> - Degree of difference between elements (color, size, typography, shape) making design dynamic dan creating focal points. High contrast draws attention; low contrast suggests similarity atau relationship. Essential untuk readability dan visual interest.</p>\r\n</div>\r\n</div>\r\n<div>\r\n<div class=\"standard-markdown grid-cols-1 grid gap-4 [&amp;_&gt;_*]:min-w-0\">\r\n<p class=\"font-claude-response-body break-words whitespace-normal leading-[1.7]\"><strong>CMYK</strong> - Color model used untuk print (Cyan, Magenta, Yellow, Black inks). Different dari RGB (Red, Green, Blue) used untuk screens. Canva primarily RGB-based; color shifts may occur in print. For critical color matching, consult professional printer dengan physical samples.</p>\r\n</div>\r\n</div>\r\n<div>\r\n<div class=\"standard-markdown grid-cols-1 grid gap-4 [&amp;_&gt;_*]:min-w-0\">\r\n<p class=\"font-claude-response-body break-words whitespace-normal leading-[1.7]\"><strong>Elements</strong> - Pre-made graphics within Canva including icons, shapes, illustrations, photos, charts, frames. Ranging dari free to premium, vastly expanding design possibilities beyond creating every visual from scratch. Searchable library dengan millions of options.</p>\r\n</div>\r\n</div>\r\n<div>\r\n<div class=\"standard-markdown grid-cols-1 grid gap-4 [&amp;_&gt;_*]:min-w-0\">\r\n<p class=\"font-claude-response-body break-words whitespace-normal leading-[1.7]\"><strong>Font Pairing</strong> - Selecting complementary fonts untuk use together dalam design. Typically involves contrasting styles (e.g., serif headline dengan sans-serif body) while maintaining harmony. Good pairing enhances readability dan aesthetic appeal. Canva suggests pairings dan allows saving favorite combinations.</p>\r\n</div>\r\n</div>\r\n<div>\r\n<div class=\"standard-markdown grid-cols-1 grid gap-4 [&amp;_&gt;_*]:min-w-0\">\r\n<p class=\"font-claude-response-body break-words whitespace-normal leading-[1.7]\"><strong>Grid</strong> - System of intersecting horizontal dan vertical lines structuring layout. Helps achieve alignment, proportion, dan consistency. Canva provides customizable grids; understanding grid theory improves layout quality even when grid hidden in final design.</p>\r\n</div>\r\n</div>\r\n<div>\r\n<div class=\"standard-markdown grid-cols-1 grid gap-4 [&amp;_&gt;_*]:min-w-0\">\r\n<p class=\"font-claude-response-body break-words whitespace-normal leading-[1.7]\"><strong>Hierarchy</strong> - Organization of elements by importance, guiding viewer\'s eye through content dalam desired sequence. Established through size, color, contrast, positioning. Clear hierarchy crucial untuk effective communication, ensuring primary message noticed first.</p>\r\n</div>\r\n</div>\r\n<div>\r\n<div class=\"standard-markdown grid-cols-1 grid gap-4 [&amp;_&gt;_*]:min-w-0\">\r\n<p class=\"font-claude-response-body break-words whitespace-normal leading-[1.7]\"><strong>Kerning</strong> - Adjustment of space between individual letter pairs untuk improve visual appeal dan readability. Canva offers text spacing adjustments; subtle kerning refinements elevate typography from amateur to polished. Particularly important for headlines dan logos.</p>\r\n</div>\r\n</div>\r\n<div>\r\n<div class=\"standard-markdown grid-cols-1 grid gap-4 [&amp;_&gt;_*]:min-w-0\">\r\n<p class=\"font-claude-response-body break-words whitespace-normal leading-[1.7]\"><strong>Negative Space (White Space)</strong> - Empty areas within design, not necessarily white. Provides breathing room, improves readability, creates sophistication. Beginners often fear empty space; effective use signature of confident design. Balance content dengan adequate negative space untuk professional results.</p>\r\n</div>\r\n</div>\r\n<div>\r\n<div class=\"standard-markdown grid-cols-1 grid gap-4 [&amp;_&gt;_*]:min-w-0\">\r\n<p class=\"font-claude-response-body break-words whitespace-normal leading-[1.7]\"><strong>Opacity</strong> - Transparency level of element, ranging dari 0% (completely transparent) to 100% (fully opaque). Adjusting opacity creates depth, layering effects, subtle backgrounds, dan focuses attention. Canva allows precise opacity control untuk all elements.</p>\r\n</div>\r\n</div>\r\n<div>\r\n<div class=\"standard-markdown grid-cols-1 grid gap-4 [&amp;_&gt;_*]:min-w-0\">\r\n<p class=\"font-claude-response-body break-words whitespace-normal leading-[1.7]\"><strong>Palette</strong> - Curated set of colors used consistently throughout design atau brand. Limited palettes (typically 2-5 colors plus neutrals) create cohesion. Canva generates palettes from uploaded images atau provides pre-made palettes untuk inspiration. Brand Kits store organizational palettes.</p>\r\n</div>\r\n</div>\r\n<div>\r\n<div class=\"standard-markdown grid-cols-1 grid gap-4 [&amp;_&gt;_*]:min-w-0\">\r\n<p class=\"font-claude-response-body break-words whitespace-normal leading-[1.7]\"><strong>Raster</strong> - Image composed of pixels; resolution-dependent. Enlarging raster images causes pixelation (blurry, blocky appearance). Photos are raster. Contrasts dengan vector graphics. Canva primarily handles rasters; export at highest resolution needed untuk project.</p>\r\n</div>\r\n</div>\r\n<div>\r\n<div class=\"standard-markdown grid-cols-1 grid gap-4 [&amp;_&gt;_*]:min-w-0\">\r\n<p class=\"font-claude-response-body break-words whitespace-normal leading-[1.7]\"><strong>Resolution</strong> - Image detail measured dalam pixels per inch (PPI) atau dots per inch (DPI). Higher resolution means more detail. 72 PPI sufficient untuk screen viewing; 300 DPI standard untuk quality prints. Canva recommends appropriate resolutions for different project types.</p>\r\n</div>\r\n</div>\r\n<div>\r\n<div class=\"standard-markdown grid-cols-1 grid gap-4 [&amp;_&gt;_*]:min-w-0\">\r\n<p class=\"font-claude-response-body break-words whitespace-normal leading-[1.7]\"><strong>RGB</strong> - Color model untuk digital screens using Red, Green, Blue light. Canva uses RGB. Colors appear differently on various screens due to calibration differences; for critical color matching, view pada multiple devices atau use standardized pantone references.</p>\r\n</div>\r\n</div>\r\n<div>\r\n<div class=\"standard-markdown grid-cols-1 grid gap-4 [&amp;_&gt;_*]:min-w-0\">\r\n<p class=\"font-claude-response-body break-words whitespace-normal leading-[1.7]\"><strong>Rule of Thirds</strong> - Compositional guideline dividing design into 3x3 grid; placing key elements along gridlines atau at intersections creates balanced, engaging composition. Derived from photography; applicable to all visual design. Canva\'s grid tool facilitates rule of thirds application.</p>\r\n</div>\r\n</div>\r\n<div>\r\n<div class=\"standard-markdown grid-cols-1 grid gap-4 [&amp;_&gt;_*]:min-w-0\">\r\n<p class=\"font-claude-response-body break-words whitespace-normal leading-[1.7]\"><strong>Sans Serif</strong> - Typeface style without decorative strokes (serifs) at letter ends. Examples: Arial, Helvetica, Roboto. Generally considered more modern, clean, readable on screens. Commonly used untuk body text dalam digital designs dan contemporary branding.</p>\r\n</div>\r\n</div>\r\n<div>\r\n<div class=\"standard-markdown grid-cols-1 grid gap-4 [&amp;_&gt;_*]:min-w-0\">\r\n<p class=\"font-claude-response-body break-words whitespace-normal leading-[1.7]\"><strong>Saturation</strong> - Intensity or purity of color. Fully saturated colors vibrant; desaturated colors appear muted, grayish. Adjusting saturation changes mood - high saturation energetic, low saturation sophisticated atau subdued. Canva provides saturation sliders dalam photo editing tools.</p>\r\n</div>\r\n</div>\r\n<div>\r\n<div class=\"standard-markdown grid-cols-1 grid gap-4 [&amp;_&gt;_*]:min-w-0\">\r\n<p class=\"font-claude-response-body break-words whitespace-normal leading-[1.7]\"><strong>Scale</strong> - Size relationship between elements. Dramatically different scales create visual interest dan establish hierarchy. Playing dengan scale transforms ordinary layouts into dynamic compositions. Canva allows precise sizing dan proportional scaling dengan lock aspect ratio feature.</p>\r\n</div>\r\n</div>\r\n<div>\r\n<div class=\"standard-markdown grid-cols-1 grid gap-4 [&amp;_&gt;_*]:min-w-0\">\r\n<p class=\"font-claude-response-body break-words whitespace-normal leading-[1.7]\"><strong>Serif</strong> - Typeface style dengan small decorative strokes (serifs) at letter ends. Examples: Times New Roman, Georgia, Garamond. Traditional, elegant feel; excellent readability in print. Often used untuk long-form text atau conveying authority dan tradition.</p>\r\n</div>\r\n</div>\r\n<div>\r\n<div class=\"standard-markdown grid-cols-1 grid gap-4 [&amp;_&gt;_*]:min-w-0\">\r\n<p class=\"font-claude-response-body break-words whitespace-normal leading-[1.7]\"><strong>Template</strong> - Pre-designed layout serving as starting point untuk customization. Canva offers thousands for various purposes. Using templates accelerates design process while ensuring professional structure. Customize colors, fonts, images, dan text untuk make template uniquely yours while maintaining effective layout.</p>\r\n</div>\r\n</div>\r\n<div>\r\n<div class=\"standard-markdown grid-cols-1 grid gap-4 [&amp;_&gt;_*]:min-w-0\">\r\n<p class=\"font-claude-response-body break-words whitespace-normal leading-[1.7]\"><strong>Texture</strong> - Visual or tactile surface quality within design. Adding subtle textures (paper grain, fabric weave) creates depth dan interest. Canva provides texture overlays dan photo filters achieving textured effects. Use judiciously - subtle textures enhance, heavy textures distract.</p>\r\n</div>\r\n</div>\r\n<div>\r\n<div class=\"standard-markdown grid-cols-1 grid gap-4 [&amp;_&gt;_*]:min-w-0\">\r\n<p class=\"font-claude-response-body break-words whitespace-normal leading-[1.7]\"><strong>Typography</strong> - Art of arranging type including font selection, sizing, spacing, dan alignment. Good typography enhances readability dan communicates personality. Poor typography undermines otherwise good design. Fundamental skill covered extensively in course.</p>\r\n</div>\r\n</div>\r\n<div>\r\n<div class=\"standard-markdown grid-cols-1 grid gap-4 [&amp;_&gt;_*]:min-w-0\">\r\n<p class=\"font-claude-response-body break-words whitespace-normal leading-[1.7]\"><strong>Vector</strong> - Graphics defined by mathematical paths rather than pixels; infinitely scalable without quality loss. Icons dan illustrations often vectors. Canva handles vectors seamlessly; SVG format preferred for vector uploads. Superior untuk logos requiring various sizes.</p>\r\n</div>\r\n</div>\r\n<div>\r\n<div class=\"standard-markdown grid-cols-1 grid gap-4 [&amp;_&gt;_*]:min-w-0\">\r\n<p class=\"font-claude-response-body break-words whitespace-normal leading-[1.7]\"><strong>Visual Weight</strong> - Perceived \"heaviness\" of design element based on size, color, contrast, complexity. Distributing visual weight achieves balance. Dark/large/detailed elements heavier than light/small/simple ones. Understanding weight crucial untuk composition decisions.</p>\r\n</div>\r\n</div>\r\n</div>\r\n</div>\r\n</div>\r\n</div>\r\n</div>',NULL,NULL,6,'2026-01-07 07:52:26','2026-01-07 07:53:50'),
(28,7,'Daftar Referensi','daftar-referensi','<p class=\"font-claude-response-body break-words whitespace-normal leading-[1.7]\"><strong>RGB</strong> - Color model untuk digital screens using Red, Green, Blue light. Canva uses RGB. Colors appear differently on various screens due to calibration differences; for critical color matching, view pada multiple devices atau use standardized pantone references.</p>\r\n<p class=\"font-claude-response-body break-words whitespace-normal leading-[1.7]\"><strong>Rule of Thirds</strong> - Compositional guideline dividing design into 3x3 grid; placing key elements along gridlines atau at intersections creates balanced, engaging composition. Derived from photography; applicable to all visual design. Canva\'s grid tool facilitates rule of thirds application.</p>\r\n<p class=\"font-claude-response-body break-words whitespace-normal leading-[1.7]\"><strong>Sans Serif</strong> - Typeface style without decorative strokes (serifs) at letter ends. Examples: Arial, Helvetica, Roboto. Generally considered more modern, clean, readable on screens. Commonly used untuk body text dalam digital designs dan contemporary branding.</p>\r\n<p class=\"font-claude-response-body break-words whitespace-normal leading-[1.7]\"><strong>Saturation</strong> - Intensity or purity of color. Fully saturated colors vibrant; desaturated colors appear muted, grayish. Adjusting saturation changes mood - high saturation energetic, low saturation sophisticated atau subdued. Canva provides saturation sliders dalam photo editing tools.</p>\r\n<p class=\"font-claude-response-body break-words whitespace-normal leading-[1.7]\"><strong>Scale</strong> - Size relationship between elements. Dramatically different scales create visual interest dan establish hierarchy. Playing dengan scale transforms ordinary layouts into dynamic compositions. Canva allows precise sizing dan proportional scaling dengan lock aspect ratio feature.</p>\r\n<p class=\"font-claude-response-body break-words whitespace-normal leading-[1.7]\"><strong>Serif</strong> - Typeface style dengan small decorative strokes (serifs) at letter ends. Examples: Times New Roman, Georgia, Garamond. Traditional, elegant feel; excellent readability in print. Often used untuk long-form text atau conveying authority dan tradition.</p>\r\n<p class=\"font-claude-response-body break-words whitespace-normal leading-[1.7]\"><strong>Template</strong> - Pre-designed layout serving as starting point untuk customization. Canva offers thousands for various purposes. Using templates accelerates design process while ensuring professional structure. Customize colors, fonts, images, dan text untuk make template uniquely yours while maintaining effective layout.</p>\r\n<p class=\"font-claude-response-body break-words whitespace-normal leading-[1.7]\"><strong>Texture</strong> - Visual or tactile surface quality within design. Adding subtle textures (paper grain, fabric weave) creates depth dan interest. Canva provides texture overlays dan photo filters achieving textured effects. Use judiciously - subtle textures enhance, heavy textures distract.</p>\r\n<p class=\"font-claude-response-body break-words whitespace-normal leading-[1.7]\"><strong>Typography</strong> - Art of arranging type including font selection, sizing, spacing, dan alignment. Good typography enhances readability dan communicates personality. Poor typography undermines otherwise good design. Fundamental skill covered extensively in course.</p>\r\n<p class=\"font-claude-response-body break-words whitespace-normal leading-[1.7]\"><strong>Vector</strong> - Graphics defined by mathematical paths rather than pixels; infinitely scalable without quality loss. Icons dan illustrations often vectors. Canva handles vectors seamlessly; SVG format preferred for vector uploads. Superior untuk logos requiring various sizes.</p>\r\n<p class=\"font-claude-response-body break-words whitespace-normal leading-[1.7]\"><strong>Visual Weight</strong> - Perceived \"heaviness\" of design element based on size, color, contrast, complexity. Distributing visual weight achieves balance. Dark/large/detailed elements heavier than light/small/simple ones. Understanding weight crucial untuk composition decisions.</p>\r\n<hr class=\"border-border-200 border-t-0.5 my-3 mx-1.5\">\r\n<h3 class=\"text-text-100 mt-2 -mb-1 text-base font-bold\"><strong>Daftar Referensi</strong></h3>\r\n<p class=\"font-claude-response-body break-words whitespace-normal leading-[1.7]\"><strong>Official Canva Resources:</strong></p>\r\n<ol class=\"[li_&amp;]:mb-0 [li_&amp;]:mt-1.5 [li_&amp;]:gap-1.5 [&amp;:not(:last-child)_ul]:pb-1 [&amp;:not(:last-child)_ol]:pb-1 list-decimal flex flex-col gap-2 pl-8 mb-3\">\r\n<li class=\"whitespace-normal break-words pl-2\"><strong>Canva Design School</strong> - canva.com/designschool - Comprehensive learning hub dengan tutorials, courses, dan articles covering design principles, Canva tools, dan creative trends. Free resource regularly updated dengan new content. Essential bookmark untuk ongoing learning beyond structured course.</li>\r\n<li class=\"whitespace-normal break-words pl-2\"><strong>Canva Help Center</strong> - canva.com/help - Technical documentation covering every Canva feature, troubleshooting guides, dan FAQs. Search functionality enables quickly finding solutions untuk specific questions. First stop untuk technical issues before seeking external help.</li>\r\n<li class=\"whitespace-normal break-words pl-2\"><strong>Canva Blog</strong> - canva.com/learn - Inspiration, design tips, trends analysis, dan use case studies. Categories span design fundamentals, industry-specific guidance, dan creative inspiration. Subscribe untuk staying current dengan design world developments dan Canva feature releases.</li>\r\n<li class=\"whitespace-normal break-words pl-2\"><strong>Canva YouTube Channel</strong> - Official video tutorials demonstrating techniques step-by-step, feature announcements, dan design inspiration. Video format ideal untuk visual learners. Playlists organized by topic facilitate finding relevant content efficiently.</li>\r\n</ol>\r\n<p class=\"font-claude-response-body break-words whitespace-normal leading-[1.7]\"><strong>Design Principle Education:</strong></p>\r\n<ol class=\"[li_&amp;]:mb-0 [li_&amp;]:mt-1.5 [li_&amp;]:gap-1.5 [&amp;:not(:last-child)_ul]:pb-1 [&amp;:not(:last-child)_ol]:pb-1 list-decimal flex flex-col gap-2 pl-8 mb-3\">\r\n<li class=\"whitespace-normal break-words pl-2\"><strong>\"The Non-Designer\'s Design Book\" by Robin Williams</strong> - Classic foundational text covering CRAP principles (Contrast, Repetition, Alignment, Proximity). Accessible writing perfect untuk beginners. Theory applicable across all design tools including Canva. Available in print, ebook, dan often dalam library collections.</li>\r\n<li class=\"whitespace-normal break-words pl-2\"><strong>\"Design Elements: A Graphic Style Manual\" by Timothy Samara</strong> - Comprehensive visual guide to design principles dengan extensive examples. Strong focus on layout dan composition. More advanced than Williams\' book; excellent reference as skills progress. Visual format makes concepts easily digestible.</li>\r\n<li class=\"whitespace-normal break-words pl-2\"><strong>Coursera - Graphic Design Specialization</strong> - University-level courses covering design fundamentals, typography, imagemaking, dan branding. While not Canva-specific, principles directly applicable. Free to audit; certificates available dengan subscription. CalArts program particularly well-regarded.</li>\r\n</ol>\r\n<p class=\"font-claude-response-body break-words whitespace-normal leading-[1.7]\"><strong>Typography Resources:</strong></p>\r\n<ol class=\"[li_&amp;]:mb-0 [li_&amp;]:mt-1.5 [li_&amp;]:gap-1.5 [&amp;:not(:last-child)_ul]:pb-1 [&amp;:not(:last-child)_ol]:pb-1 list-decimal flex flex-col gap-2 pl-8 mb-3\">\r\n<li class=\"whitespace-normal break-words pl-2\"><strong>Google Fonts</strong> - fonts.google.com - Free font library dengan preview tools dan pairing suggestions. All fonts free untuk commercial use. Browse dengan filters (serif, sans-serif, display) atau search specific fonts. Great supplement to Canva\'s font library.</li>\r\n<li class=\"whitespace-normal break-words pl-2\"><strong>FontPair</strong> - fontpair.co - Curated collection of beautiful Google Font pairings dengan visual examples. Eliminates guesswork dalam font combination. Examples show pairings dalam context, demonstrating readability dan aesthetic harmony.</li>\r\n<li class=\"whitespace-normal break-words pl-2\"><strong>Typewolf</strong> - typewolf.com - Site showcasing excellent typography dalam real websites. \"Site of the Day\" feature provides daily inspiration. Font recommendations based on current trends. Helpful untuk understanding typography dalam practical application.</li>\r\n</ol>\r\n<p class=\"font-claude-response-body break-words whitespace-normal leading-[1.7]\"><strong>Color Resources:</strong></p>\r\n<ol class=\"[li_&amp;]:mb-0 [li_&amp;]:mt-1.5 [li_&amp;]:gap-1.5 [&amp;:not(:last-child)_ul]:pb-1 [&amp;:not(:last-child)_ol]:pb-1 list-decimal flex flex-col gap-2 pl-8 mb-3\">\r\n<li class=\"whitespace-normal break-words pl-2\"><strong>Adobe Color</strong> - color.adobe.com - Color wheel tool generating harmonious color schemes (complementary, analogous, triadic, etc.). Can extract palettes dari uploaded images. Save dan share palettes. Invaluable untuk informed color decision-making.</li>\r\n<li class=\"whitespace-normal break-words pl-2\"><strong>Coolors</strong> - coolors.co - Fast, intuitive color scheme generator. Press spacebar untuk generate new palette; lock colors to keep dan generate around them. Export palettes dalam various formats. Mobile app available untuk on-the-go inspiration.</li>\r\n<li class=\"whitespace-normal break-words pl-2\"><strong>Color Hunt</strong> - colorhunt.co - Curated collection of beautiful color palettes submitted by designers worldwide. Browse by popularity or newest. Copy hex codes directly untuk Canva use. Great when needing quick inspiration atau discovering unexpected color combinations.</li>\r\n</ol>\r\n<p class=\"font-claude-response-body break-words whitespace-normal leading-[1.7]\"><strong>Stock Images &amp; Elements:</strong></p>\r\n<ol class=\"[li_&amp;]:mb-0 [li_&amp;]:mt-1.5 [li_&amp;]:gap-1.5 [&amp;:not(:last-child)_ul]:pb-1 [&amp;:not(:last-child)_ol]:pb-1 list-decimal flex flex-col gap-2 pl-8 mb-3\">\r\n<li class=\"whitespace-normal break-words pl-2\"><strong>Unsplash</strong> - unsplash.com - High-quality free stock photos submitted by photographers worldwide. Creative Commons Zero license (free for commercial use, no attribution required). Excellent supplement to Canva\'s library. Search functionality robust.</li>\r\n<li class=\"whitespace-normal break-words pl-2\"><strong>Pexels</strong> - pexels.com - Another excellent free stock photo resource. Similar licensing to Unsplash. Also offers stock videos. Quality generally high; great variety. Both platforms worth bookmarking.</li>\r\n<li class=\"whitespace-normal break-words pl-2\"><strong>Noun Project</strong> - thenounproject.com - Massive icon collection covering virtually every concept imaginable. Free tier requires attribution; Pro subscription removes requirement. Icons available in various formats. Perfect untuk supplementing Canva\'s element library.</li>\r\n</ol>\r\n<p class=\"font-claude-response-body break-words whitespace-normal leading-[1.7]\"><strong>Inspiration &amp; Trends:</strong></p>\r\n<ol class=\"[li_&amp;]:mb-0 [li_&amp;]:mt-1.5 [li_&amp;]:gap-1.5 [&amp;:not(:last-child)_ul]:pb-1 [&amp;:not(:last-child)_ol]:pb-1 list-decimal flex flex-col gap-2 pl-8 mb-3\">\r\n<li class=\"whitespace-normal break-words pl-2\"><strong>Behance</strong> - behance.net - Adobe\'s creative community showcasing professional design work across disciplines. Browse by category, curated collections, atau search specific styles. Study professional work pentru understanding current standards dan techniques.</li>\r\n<li class=\"whitespace-normal break-words pl-2\"><strong>Dribbble</strong> - dribbble.com - Designer community sharing work-in-progress, final projects, dan process insights. Strong UI/UX focus but covers all design areas. Color search feature helps find designs using specific palettes. Pro membership unlocks additional features.</li>\r\n<li class=\"whitespace-normal break-words pl-2\"><strong>Pinterest</strong> - pinterest.com - Visual discovery platform invaluable pentru design inspiration. Create boards organizing ideas by project type, color scheme, style, etc. Algorithm learns preferences, suggesting increasingly relevant content. Search functionality robust.</li>\r\n</ol>\r\n<p class=\"font-claude-response-body break-words whitespace-normal leading-[1.7]\"><strong>Social Media Best Practices:</strong></p>\r\n<ol class=\"[li_&amp;]:mb-0 [li_&amp;]:mt-1.5 [li_&amp;]:gap-1.5 [&amp;:not(:last-child)_ul]:pb-1 [&amp;:not(:last-child)_ol]:pb-1 list-decimal flex flex-col gap-2 pl-8 mb-3\">\r\n<li class=\"whitespace-normal break-words pl-2\"><strong>Buffer Blog</strong> - buffer.com/library - Comprehensive guides on social media strategy, content creation, dan platform-specific best practices including optimal image dimensions. Data-driven insights help create effective social graphics matching platform requirements.</li>\r\n<li class=\"whitespace-normal break-words pl-2\"><strong>Hootsuite Blog</strong> - blog.hootsuite.com - Similar to Buffer; covers social media marketing including visual content strategies. Platform specification guides ensure designs optimized pentru each network. Industry insights help stay current.</li>\r\n</ol>\r\n<p class=\"font-claude-response-body break-words whitespace-normal leading-[1.7]\"><strong>Print Design:</strong></p>\r\n<ol class=\"[li_&amp;]:mb-0 [li_&amp;]:mt-1.5 [li_&amp;]:gap-1.5 [&amp;:not(:last-child)_ul]:pb-1 [&amp;:not(:last-child)_ol]:pb-1 list-decimal flex flex-col gap-2 pl-8 mb-3\">\r\n<li class=\"whitespace-normal break-words pl-2\"><strong>PrintNinja Blog</strong> - printninja.com/blog - Focus on print design considerations including color modes (CMYK vs RGB), resolution requirements, bleed/trim specifications, dan paper types. Helpful ketika transitioning Canva designs untuk professional printing.</li>\r\n<li class=\"whitespace-normal break-words pl-2\"><strong>GotPrint Design Tips</strong> - gotprint.com/design-tips - Practical guidance on preparing print-ready files, common mistakes, dan achieving desired results. File preparation checklists prevent costly reprints due to design errors.</li>\r\n</ol>\r\n<p class=\"font-claude-response-body break-words whitespace-normal leading-[1.7]\"><strong>Accessibility:</strong></p>\r\n<ol class=\"[li_&amp;]:mb-0 [li_&amp;]:mt-1.5 [li_&amp;]:gap-1.5 [&amp;:not(:last-child)_ul]:pb-1 [&amp;:not(:last-child)_ol]:pb-1 list-decimal flex flex-col gap-2 pl-8 mb-3\">\r\n<li class=\"whitespace-normal break-words pl-2\"><strong>WebAIM</strong> - webaim.org - Web accessibility initiative providing contrast checkers dan color accessibility guidelines. Ensuring designs accessible untuk color-blind users dan those with visual impairments expands audience dan demonstrates social responsibility.</li>\r\n<li class=\"whitespace-normal break-words pl-2\"><strong>Stark</strong> - getstark.co - Accessibility tools including contrast checkers dan colorblind simulators. Browser extension available. Integrates with design tools. Promotes inclusive design practices from project inception.</li>\r\n</ol>\r\n<p class=\"font-claude-response-body break-words whitespace-normal leading-[1.7]\"><strong>Communities:</strong></p>\r\n<ol class=\"[li_&amp;]:mb-0 [li_&amp;]:mt-1.5 [li_&amp;]:gap-1.5 [&amp;:not(:last-child)_ul]:pb-1 [&amp;:not(:last-child)_ol]:pb-1 list-decimal flex flex-col gap-2 pl-8 mb-3\">\r\n<li class=\"whitespace-normal break-words pl-2\"><strong>Canva Creators Facebook Group</strong> - Active community of Canva users sharing templates, tips, questions, dan inspiration. Mix of beginners dan experts creates welcoming learning environment. Weekly challenges encourage skill-building.</li>\r\n<li class=\"whitespace-normal break-words pl-2\"><strong>Reddit - r/graphic_design</strong> - Broad graphic design community discussing principles, techniques, career advice, dan sharing work. While not Canva-specific, discussions cover fundamentals applicable regardless of tool. Feedback culture relatively supportive pentru learners.</li>\r\n</ol>\r\n<p class=\"font-claude-response-body break-words whitespace-normal leading-[1.7]\"><strong>Continuing Education:</strong></p>\r\n<ol class=\"[li_&amp;]:mb-0 [li_&amp;]:mt-1.5 [li_&amp;]:gap-1.5 [&amp;:not(:last-child)_ul]:pb-1 [&amp;:not(:last-child)_ol]:pb-1 list-decimal flex flex-col gap-2 pl-8 mb-3\">\r\n<li class=\"whitespace-normal break-words pl-2\"><strong>Skillshare</strong> - Thousands of design courses covering specialized topics beyond Canva basics. Subscription provides access to entire library. Project-based learning methodology. Community features enable feedback. Certificates available.</li>\r\n<li class=\"whitespace-normal break-words pl-2\"><strong>LinkedIn Learning</strong> - Professionally-produced courses on design, Canva, branding, dan related topics. Subscription includes certificates enhancing LinkedIn profiles. Often bundled dengan organizational learning subscriptions. High production value ensures clarity.</li>\r\n</ol>\r\n<p class=\"font-claude-response-body break-words whitespace-normal leading-[1.7]\">Resources curated based on relevance, accessibility, and proven educational value. Combination of free dan premium resources accommodates various budgets. Regular exploration beyond this list encouraged - design field constantly evolving, new resources emerge continuously. Bookmark favorites, organize dalam folders by topic, dan share valuable discoveries dengan learning community. Diversifying learning sources prevents over-reliance pada single perspective, developing well-rounded design sensibility informed by multiple viewpoints dan approaches.</p>',NULL,NULL,7,'2026-01-07 07:54:14','2026-01-07 07:54:40'),
(29,8,'Mengenal Video Editing','mengenal-video-editing','<p><span style=\"font-size: 12pt;\">Video editing adalah proses menyusun, memotong, dan menggabungkan potongan-potongan video (clips) menjadi satu kesatuan cerita yang utuh dan menarik. Sama seperti menulis artikel dimana kita menyusun kalimat agar mudah dipahami, video editing adalah seni menyusun visual dan audio agar pesan tersampaikan dengan efektif kepada penonton. Dalam era digital saat ini, kemampuan video editing bukan lagi monopoli profesional film - siapa saja dapat membuat video berkualitas menggunakan smartphone dan aplikasi yang tepat.</span></p>\r\n<p><span style=\"font-size: 12pt;\">Video editing memiliki peran sangat penting dalam komunikasi modern. Video yang diedit dengan baik dapat menyampaikan informasi 60.000 kali lebih cepat dibanding teks, membuat pesan lebih mudah diingat, dan meningkatkan engagement audiens hingga 1200% dibanding konten statis. Di dunia kerja, kemampuan membuat dan mengedit video menjadi skill yang sangat valuable - dari membuat presentasi yang menarik, mendokumentasikan kegiatan, hingga mempromosikan program organisasi di media sosial.</span></p>\r\n<p><span style=\"font-size: 12pt;\">Proses video editing dimulai dari mengumpulkan footage (rekaman video mentah), memilih bagian terbaik, menyusunnya dalam urutan yang logis, menambahkan musik atau narasi, memberikan efek transisi, menyesuaikan warna dan pencahayaan, hingga menghasilkan video final yang siap dibagikan. Dengan tools modern seperti CapCut, proses yang dulu membutuhkan komputer mahal dan software profesional, kini dapat dilakukan bahkan di smartphone dengan hasil yang sangat memuaskan.</span></p>\r\n<p><span style=\"font-size: 12pt;\"><strong>Contoh Penggunaan Video di Organisasi</strong></span></p>\r\n<ol>\r\n<li class=\"font-claude-response-body break-words whitespace-normal leading-[1.7]\" style=\"font-size: 12pt;\"><span style=\"font-size: 12pt;\"><strong>Dokumentasi Event dan Kegiatan</strong> Video dokumentasi adalah cara terbaik mengabadikan momen penting organisasi - mulai dari seminar, workshop, gathering, hingga acara tahunan. Berbeda dengan foto yang hanya menangkap satu momen, video dapat merekam suasana, emosi, dan dinamika acara secara utuh. Video dokumentasi yang diedit dengan baik dapat dijadikan arsip digital, bahan promosi event mendatang, hingga konten untuk annual report. Contohnya: highlight reel event 2-3 menit yang menampilkan pembukaan acara, sambutan pembicara, aktivitas peserta, dan testimoni, lengkap dengan musik energik dan teks informasi.</span></li>\r\n<li class=\"font-claude-response-body break-words whitespace-normal leading-[1.7]\" style=\"font-size: 12pt;\"><span style=\"font-size: 12pt;\"><strong>Video Tutorial dan Pembelajaran</strong> Tutorial video sangat efektif untuk transfer knowledge dalam organisasi. Dari tutorial penggunaan sistem baru, standar prosedur kerja, hingga tips produktivitas - semua lebih mudah dipahami melalui video dibanding manual tertulis. Video tutorial memungkinkan pegawai baru belajar mandiri dengan kecepatan sendiri, dapat diputar berulang saat butuh refresh, dan mengurangi beban tim training. Format yang efektif: screen recording untuk software tutorial, step-by-step demonstration untuk prosedur fisik, atau talking head dengan visual pendukung untuk konsep-konsep penting.</span></li>\r\n<li class=\"font-claude-response-body break-words whitespace-normal leading-[1.7]\" style=\"font-size: 12pt;\"><span style=\"font-size: 12pt;\"><strong>Konten Promosi dan Marketing</strong> Video promosi menjadi senjata ampuh untuk memperkenalkan program, layanan, atau pencapaian organisasi. Video promosi yang engaging dapat viral di media sosial, meningkatkan awareness, dan mengajak audiens untuk action - baik itu registrasi program, donasi, atau sekadar share konten. Format promosi bisa berupa teaser singkat 15-30 detik untuk social media, explainer video 1-2 menit menjelaskan program, testimonial video dari beneficiaries, atau behind-the-scenes yang humanize organisasi. Kunci video promosi yang baik: hook menarik di 3 detik pertama, pesan jelas dan fokus, visual menarik, dan call-to-action yang kuat.</span></li>\r\n<li class=\"font-claude-response-body break-words whitespace-normal leading-[1.7]\" style=\"font-size: 12pt;\"><span style=\"font-size: 12pt;\"><strong>Komunikasi Internal dan Announcement</strong> Video announcement dari leadership jauh lebih personal dan engaging dibanding email blast. CEO atau manager yang menyampaikan update, apresiasi, atau arahan melalui video menciptakan koneksi emosional yang lebih kuat dengan tim. Format ini juga efektif untuk onboarding pegawai baru (welcome video dari tim), birthday greetings, atau celebrating achievements. Video berdurasi pendek (30-90 detik) dengan tone yang warm dan authentic sangat efektif untuk internal communication.</span></li>\r\n</ol>\r\n<p><span style=\"font-size: 12pt;\"><strong>Mengenal Hasil Akhir yang Bisa Dicapai dengan CapCut</strong></span></p>\r\n<ol>\r\n<li class=\"font-claude-response-body break-words whitespace-normal leading-[1.7]\" style=\"font-size: 12pt;\"><span style=\"font-size: 12pt;\"><strong>Video Social Media yang Eye-Catching</strong> CapCut memungkinkan Anda membuat konten social media yang tidak kalah dengan konten kreator profesional. Dengan ribuan template siap pakai, transisi smooth, text animation yang modern, dan music library yang luas, Anda dapat menghasilkan Instagram Reels yang viral-worthy, TikTok dengan trending effects, atau Instagram Stories yang engaging - semua dalam hitungan menit. CapCut menyediakan preset untuk berbagai aspect ratio (vertikal untuk Stories/Reels, square untuk feed, horizontal untuk YouTube) yang memudahkan optimasi konten untuk setiap platform.</span></li>\r\n<li class=\"font-claude-response-body break-words whitespace-normal leading-[1.7]\" style=\"font-size: 12pt;\"><span style=\"font-size: 12pt;\"><strong>Video Dokumentasi Event yang Profesional</strong> Hasil akhir yang dapat Anda capai adalah highlight reel event dengan kualitas semi-profesional: opening title yang cinematic, smooth transitions antar scene, color grading untuk konsistensi visual, audio yang balanced (musik background dengan narasi/ambient sound yang jelas), text overlay untuk informasi penting, dan closing credit yang rapi. CapCut menyediakan tools untuk stabilisasi video yang goyang, slow-motion untuk moment dramatis, dan speed ramping untuk dynamic pacing - semua fitur yang sebelumnya hanya ada di software desktop mahal.</span></li>\r\n<li class=\"font-claude-response-body break-words whitespace-normal leading-[1.7]\" style=\"font-size: 12pt;\"><span style=\"font-size: 12pt;\"><strong>Tutorial Video yang Clear dan Engaging</strong> Dengan CapCut, Anda dapat membuat tutorial video yang mudah diikuti: screen recording diintegrasikan dengan talking head, callout dan arrows untuk highlight area penting, zoom-in untuk detail, text instruction yang animated, background music yang tidak mengganggu narasi, dan chapter markers untuk navigasi mudah. Fitur picture-in-picture memungkinkan menampilkan instruktur di corner screen sambil menunjukkan demonstrasi, menciptakan pengalaman belajar yang personal namun tetap fokus pada materi.</span></li>\r\n<li class=\"font-claude-response-body break-words whitespace-normal leading-[1.7]\" style=\"font-size: 12pt;\"><span style=\"font-size: 12pt;\"><strong>Video Promosi dengan High Production Value</strong> CapCut memungkinkan hasil akhir yang tampak seperti diproduksi oleh agency kreatif: kinetic typography untuk headline yang impactful, split-screen untuk before-after comparison, green screen untuk background replacement, motion graphics sederhana, dan color grading cinematic yang memberikan mood spesifik. Library effects yang terus diupdate dengan trending styles memastikan konten Anda terlihat fresh dan relevant. Yang terpenting, semua ini achievable tanpa perlu training bertahun-tahun atau investasi equipment mahal.</span></li>\r\n<li class=\"font-claude-response-body break-words whitespace-normal leading-[1.7]\" style=\"font-size: 12pt;\"><span style=\"font-size: 12pt;\"><strong>Video Personal Branding dan Portfolio</strong> Untuk keperluan personal, CapCut dapat menghasilkan video portfolio profesional, video CV yang standout, atau personal branding content untuk LinkedIn. Fitur auto-captions sangat membantu untuk video yang informatif, ensuring accessibility dan engagement bahkan tanpa audio. Template-template professional yang tersedia mempermudah maintaining consistent visual identity across berbagai konten yang Anda produksi.</span></li>\r\n</ol>\r\n<p><span style=\"font-size: 12pt;\">Kunci mencapai hasil maksimal dengan CapCut adalah memahami bahwa tools yang powerful hanya efektif jika digunakan dengan purposeful - setiap cut, transition, text, dan music harus serve the story Anda, bukan sekadar tampil \"keren\". Melalui pembelajaran sistematis dalam course ini, Anda akan menguasai tidak hanya technical skills, tetapi juga storytelling principles yang membedakan video biasa dengan video yang truly impactful.</span></p>',NULL,NULL,1,'2026-01-07 08:05:06','2026-01-09 00:17:39'),
(30,8,'Instalasi dan Mengenal Interface CapCut','instalasi-dan-mengenal-interface-capcut','<p class=\"font-claude-response-body break-words whitespace-normal leading-[1.7]\"><span style=\"font-size: 12pt;\">CapCut tersedia gratis untuk Android dan iOS tanpa batasan watermark atau subscription berbayar. Untuk pengguna Android, buka Google Play Store, ketik \"CapCut\" di search bar, pilih aplikasi dengan developer \"Bytedance Pte. Ltd.\" (pembuat TikTok), dan tap Install. Aplikasi berukuran sekitar 200-300MB, pastikan koneksi internet stabil dan storage minimal 2GB tersedia untuk instalasi dan cache. Untuk pengguna iOS, proses serupa melalui App Store - cari \"CapCut - Video Editor\", verifikasi developer yang sama, dan tap Get/Install.</span></p>\r\n<p class=\"font-claude-response-body break-words whitespace-normal leading-[1.7]\"><span style=\"font-size: 12pt;\">Setelah instalasi selesai, buka aplikasi dan CapCut akan meminta beberapa permissions dasar: akses ke galeri foto/video (untuk import footage), akses ke kamera (untuk recording langsung), dan akses ke microphone (untuk voiceover). Berikan semua permissions ini agar aplikasi dapat berfungsi optimal. First launch mungkin memerlukan beberapa detik untuk setup awal - biarkan proses ini selesai tanpa menutup aplikasi.</span></p>\r\n<p class=\"font-claude-response-body break-words whitespace-normal leading-[1.7]\"><span style=\"font-size: 12pt;\"><strong>Instalasi CapCut di Desktop (Windows/Mac)</strong></span></p>\r\n<p class=\"font-claude-response-body break-words whitespace-normal leading-[1.7]\"><span style=\"font-size: 12pt;\">Versi desktop CapCut menawarkan layar lebih besar dan workflow yang lebih powerful untuk project kompleks. Kunjungi website resmi capcut.com, klik tombol \"Download\" dan pilih versi sesuai sistem operasi Anda (Windows 10/11 64-bit atau macOS 10.15+). File installer berukuran sekitar 500-700MB. Setelah download selesai, jalankan installer - untuk Windows double-click file .exe, untuk Mac buka file .dmg dan drag CapCut icon ke Applications folder.</span></p>\r\n<p class=\"font-claude-response-body break-words whitespace-normal leading-[1.7]\"><span style=\"font-size: 12pt;\">Proses instalasi desktop memerlukan 2-3GB space storage dan  beberapa menit tergantung kecepatan komputer. Setelah instalasi, launch CapCut dari Start Menu (Windows) atau Applications (Mac). First launch akan download beberapa additional resources dan fonts - pastikan tetap terhubung internet. Desktop version memiliki fitur lebih advanced seperti multi-track editing yang lebih fleksibel, keyframe animation lebih presisi, dan rendering lebih cepat untuk project besar.</span></p>\r\n<h2 class=\"text-text-100 mt-3 -mb-1 text-[1.125rem] font-bold\"><span style=\"font-size: 12pt;\"><strong>Membuat Akun CapCut</strong></span></h2>\r\n<p class=\"font-claude-response-body break-words whitespace-normal leading-[1.7]\"><span style=\"font-size: 12pt;\"><strong>Mengapa Perlu Akun CapCut</strong></span></p>\r\n<p class=\"font-claude-response-body break-words whitespace-normal leading-[1.7]\"><span style=\"font-size: 12pt;\">Meskipun CapCut dapat digunakan tanpa login, membuat akun sangat direkomendasikan untuk memanfaatkan fitur cloud sync, backup project, dan akses ke premium templates. Dengan akun, project yang Anda kerjakan di smartphone dapat dilanjutkan di desktop dan sebaliknya. Akun juga memungkinkan menyimpan favorite templates, custom presets, dan mengakses asset library yang terus diupdate.</span></p>\r\n<p class=\"font-claude-response-body break-words whitespace-normal leading-[1.7]\"><span style=\"font-size: 12pt;\"><strong>Proses Pendaftaran</strong></span></p>\r\n<p class=\"font-claude-response-body break-words whitespace-normal leading-[1.7]\"><span style=\"font-size: 12pt;\">Saat pertama membuka CapCut (mobile atau desktop), tap/klik icon profile di pojok kanan atas atau pilih \"Sign In\". Anda memiliki beberapa opsi login: menggunakan email, nomor telepon, akun Google, Facebook, atau TikTok. Cara termudah adalah \"Continue with Google\" - pilih akun Google Anda dan CapCut akan otomatis membuat profile. Jika memilih email, masukkan alamat email valid, buat password minimal 8 karakter (kombinasi huruf dan angka), lalu verifikasi melalui kode yang dikirim ke email.</span></p>\r\n<p class=\"font-claude-response-body break-words whitespace-normal leading-[1.7]\"><span style=\"font-size: 12pt;\">Setelah berhasil login, lengkapi profile dengan username (dapat diubah kemudian) dan optional profile picture. Jika menggunakan akun TikTok, data profile TikTok Anda akan otomatis tersinkronisasi. Akun yang sama dapat digunakan di multiple devices - login sekali di smartphone dan sekali di desktop untuk mengaktifkan cloud sync antar perangkat.</span></p>\r\n<h2 class=\"text-text-100 mt-3 -mb-1 text-[1.125rem] font-bold\"><span style=\"font-size: 12pt;\"><strong>Tur Interface: Timeline, Preview, Tools</strong></span></h2>\r\n<p class=\"font-claude-response-body break-words whitespace-normal leading-[1.7]\"><span style=\"font-size: 12pt;\"><strong>Preview Window (Layar Preview)</strong></span></p>\r\n<p class=\"font-claude-response-body break-words whitespace-normal leading-[1.7]\"><span style=\"font-size: 12pt;\">Preview window adalah area di bagian atas/tengah layar yang menampilkan hasil video real-time. Di sini Anda dapat melihat exactly bagaimana video akan terlihat saat diputar. Pada mobile, preview window mengambil sekitar 50% layar bagian atas; pada desktop, preview window berada di tengah dengan size yang dapat disesuaikan. Di bawah preview terdapat playback controls: tombol play/pause, skip backward/forward, dan indicator waktu (current position / total duration). Anda dapat tap/click langsung pada preview untuk pause, atau drag timeline scrubber untuk navigate ke bagian spesifik video.</span></p>\r\n<p class=\"font-claude-response-body break-words whitespace-normal leading-[1.7]\"><span style=\"font-size: 12pt;\"><strong>Timeline (Area Kerja Utama)</strong></span></p>\r\n<p class=\"font-claude-response-body break-words whitespace-normal leading-[1.7]\"><span style=\"font-size: 12pt;\">Timeline adalah \"jantung\" video editing - tempat Anda menyusun dan mengatur semua video clips, audio, text, dan effects dalam urutan kronologis. Pada mobile, timeline berada di bagian bawah layar, scrollable horizontal; pada desktop, timeline lebih luas dan dapat menampilkan multiple tracks secara vertikal. Di timeline, setiap clip ditampilkan sebagai rectangle dengan thumbnail preview. Panjang rectangle merepresentasikan durasi clip - semakin panjang rectangle, semakin lama durasi. Anda dapat pinch-to-zoom (mobile) atau scroll mousewheel (desktop) untuk melihat timeline lebih detail atau lebih overview.</span></p>\r\n<p class=\"font-claude-response-body break-words whitespace-normal leading-[1.7]\"><span style=\"font-size: 12pt;\">Timeline terdiri dari beberapa layers/tracks: main video track untuk clips utama, overlay tracks untuk picture-in-picture atau text, dan audio tracks terpisah untuk musik dan sound effects. White vertical line (playhead) menunjukkan posisi current playback. Saat Anda drag playhead, preview window akan update menampilkan frame pada posisi tersebut. Understanding timeline adalah kunci video editing - hampir semua operasi editing dilakukan dengan memanipulasi elements di timeline.</span></p>\r\n<p class=\"font-claude-response-body break-words whitespace-normal leading-[1.7]\"><span style=\"font-size: 12pt;\"><strong>Tools Panel (Panel Alat)</strong></span></p>\r\n<p class=\"font-claude-response-body break-words whitespace-normal leading-[1.7]\"><span style=\"font-size: 12pt;\">Tools panel berisi semua fitur editing yang dapat Anda aplikasikan. Pada mobile, tools muncul sebagai horizontal scrollable menu di bawah timeline dengan icons: Text, Audio, Stickers, Effects, Transitions, Filters, dll. Tap salah satu icon untuk membuka submenu dengan options spesifik. Pada desktop, tools panel biasanya di sisi kiri layar sebagai vertical list atau toolbar di atas timeline. Setiap tool memiliki icon intuitif - gunting untuk cut/split, \"T\" untuk text, musical note untuk audio, magic wand untuk effects.</span></p>\r\n<p class=\"font-claude-response-body break-words whitespace-normal leading-[1.7]\"><span style=\"font-size: 12pt;\">Saat memilih clip di timeline dan tap/click tool tertentu, settings dan options untuk tool tersebut akan muncul. Misalnya, saat pilih Text tool, Anda dapat type text, pilih font, ubah color, adjust size, dan apply animations. Panel properties di sisi kanan (desktop) atau pop-up modal (mobile) menampilkan detailed settings untuk selected element. Mengeksplorasi setiap tool secara bertahap adalah best practice - jangan overwhelmed dengan banyaknya options, fokus menguasai basic tools dulu sebelum advanced features.</span></p>\r\n<h2 class=\"text-text-100 mt-3 -mb-1 text-[1.125rem] font-bold\"><span style=\"font-size: 12pt;\"><strong>Mengenal Ikon-Ikon Dasar</strong></span></h2>\r\n<p class=\"font-claude-response-body break-words whitespace-normal leading-[1.7]\"><span style=\"font-size: 12pt;\"><strong>Ikon Editing Fundamental</strong></span></p>\r\n<ul class=\"[li_&amp;]:mb-0 [li_&amp;]:mt-1.5 [li_&amp;]:gap-1.5 [&amp;:not(:last-child)_ul]:pb-1 [&amp;:not(:last-child)_ol]:pb-1 list-disc flex flex-col gap-2 pl-8 mb-3\">\r\n<li class=\"whitespace-normal break-words pl-2\" style=\"font-size: 12pt;\"><span style=\"font-size: 12pt;\"><strong>Scissors/Split ()</strong>: Icon gunting untuk memotong clip menjadi dua bagian pada posisi playhead. Ini adalah salah satu fungsi paling sering digunakan dalam editing.</span></li>\r\n<li class=\"whitespace-normal break-words pl-2\" style=\"font-size: 12pt;\"><span style=\"font-size: 12pt;\"><strong>Trash/Delete ()</strong>: Menghapus clip atau element yang dipilih dari timeline. Shortcut: select clip dan tap delete.</span></li>\r\n<li class=\"whitespace-normal break-words pl-2\" style=\"font-size: 12pt;\"><span style=\"font-size: 12pt;\"><strong>Duplicate ()</strong>: Membuat copy exact dari selected clip atau element, berguna untuk repeat patterns atau effects.</span></li>\r\n<li class=\"whitespace-normal break-words pl-2\" style=\"font-size: 12pt;\"><span style=\"font-size: 12pt;\"><strong>Undo/Redo ()</strong>: Arrows untuk membatalkan action terakhir (undo) atau mengembalikan action yang dibatalkan (redo). Lifesaver saat accidentally delete atau modify something.</span></li>\r\n</ul>\r\n<p class=\"font-claude-response-body break-words whitespace-normal leading-[1.7]\"><span style=\"font-size: 12pt;\"><strong>Ikon Text dan Graphics</strong></span></p>\r\n<ul class=\"[li_&amp;]:mb-0 [li_&amp;]:mt-1.5 [li_&amp;]:gap-1.5 [&amp;:not(:last-child)_ul]:pb-1 [&amp;:not(:last-child)_ol]:pb-1 list-disc flex flex-col gap-2 pl-8 mb-3\">\r\n<li class=\"whitespace-normal break-words pl-2\" style=\"font-size: 12pt;\"><span style=\"font-size: 12pt;\"><strong>Text (T)</strong>: Menambahkan text overlay, titles, captions, atau subtitles ke video. CapCut menyediakan ratusan text templates dengan animations built-in.</span></li>\r\n<li class=\"whitespace-normal break-words pl-2\" style=\"font-size: 12pt;\"><span style=\"font-size: 12pt;\"><strong>Stickers ()</strong>: Library emoji, animated stickers, dan decorative elements untuk membuat video lebih expressive dan fun.</span></li>\r\n<li class=\"whitespace-normal break-words pl-2\" style=\"font-size: 12pt;\"><span style=\"font-size: 12pt;\"><strong>Graphics ()</strong>: Shapes, lines, dan basic graphic elements untuk creating simple animations atau highlighting areas.</span></li>\r\n</ul>\r\n<p class=\"font-claude-response-body break-words whitespace-normal leading-[1.7]\"><span style=\"font-size: 12pt;\"><strong>Ikon Audio</strong></span></p>\r\n<ul class=\"[li_&amp;]:mb-0 [li_&amp;]:mt-1.5 [li_&amp;]:gap-1.5 [&amp;:not(:last-child)_ul]:pb-1 [&amp;:not(:last-child)_ol]:pb-1 list-disc flex flex-col gap-2 pl-8 mb-3\">\r\n<li class=\"whitespace-normal break-words pl-2\" style=\"font-size: 12pt;\"><span style=\"font-size: 12pt;\"><strong>Music ()</strong>: Menambahkan background music dari CapCut library atau import dari device. Includes trending sounds dari TikTok.</span></li>\r\n<li class=\"whitespace-normal break-words pl-2\" style=\"font-size: 12pt;\"><span style=\"font-size: 12pt;\"><strong>Sound Effects ()</strong>: Library sound effects seperti swoosh, pop, applause, untuk menambah impact pada transitions atau actions.</span></li>\r\n<li class=\"whitespace-normal break-words pl-2\" style=\"font-size: 12pt;\"><span style=\"font-size: 12pt;\"><strong>Voiceover ()</strong>: Record narasi atau voiceover langsung dalam aplikasi untuk tutorial atau explainer videos.</span></li>\r\n<li class=\"whitespace-normal break-words pl-2\" style=\"font-size: 12pt;\"><span style=\"font-size: 12pt;\"><strong>Extract Audio ()</strong>: Memisahkan audio dari video clip, useful untuk removing original audio atau using audio track independently.</span></li>\r\n</ul>\r\n<p class=\"font-claude-response-body break-words whitespace-normal leading-[1.7]\"><span style=\"font-size: 12pt;\"><strong>Ikon Effects dan Enhancements</strong></span></p>\r\n<ul class=\"[li_&amp;]:mb-0 [li_&amp;]:mt-1.5 [li_&amp;]:gap-1.5 [&amp;:not(:last-child)_ul]:pb-1 [&amp;:not(:last-child)_ol]:pb-1 list-disc flex flex-col gap-2 pl-8 mb-3\">\r\n<li class=\"whitespace-normal break-words pl-2\" style=\"font-size: 12pt;\"><span style=\"font-size: 12pt;\"><strong>Transitions ()</strong>: Effects antar clips seperti fade, dissolve, slide, zoom. Membuat perpindahan scene lebih smooth dan professional.</span></li>\r\n<li class=\"whitespace-normal break-words pl-2\" style=\"font-size: 12pt;\"><span style=\"font-size: 12pt;\"><strong>Filters ()</strong>: Color presets untuk instant mood - Vintage, B&amp;W, Warm, Cool, Cinematic. One-tap color grading.</span></li>\r\n<li class=\"whitespace-normal break-words pl-2\" style=\"font-size: 12pt;\"><span style=\"font-size: 12pt;\"><strong>Effects ()</strong>: Special effects library termasuk Glitch, Blur, Particles, Light Leaks. Untuk creative storytelling.</span></li>\r\n<li class=\"whitespace-normal break-words pl-2\" style=\"font-size: 12pt;\"><span style=\"font-size: 12pt;\"><strong>Adjust ()</strong>: Manual controls untuk Brightness, Contrast, Saturation, Temperature, Sharpness. Fine-tune video appearance.</span></li>\r\n</ul>\r\n<p class=\"font-claude-response-body break-words whitespace-normal leading-[1.7]\"><span style=\"font-size: 12pt;\"><strong>Ikon Speed dan Animation</strong></span></p>\r\n<ul class=\"[li_&amp;]:mb-0 [li_&amp;]:mt-1.5 [li_&amp;]:gap-1.5 [&amp;:not(:last-child)_ul]:pb-1 [&amp;:not(:last-child)_ol]:pb-1 list-disc flex flex-col gap-2 pl-8 mb-3\">\r\n<li class=\"whitespace-normal break-words pl-2\" style=\"font-size: 12pt;\"><span style=\"font-size: 12pt;\"><strong>Speed ()</strong>: Mengubah playback speed - slow motion (0.1x-0.9x) atau fast forward (1.1x-100x). Includes curve speed untuk smooth ramping.</span></li>\r\n<li class=\"whitespace-normal break-words pl-2\" style=\"font-size: 12pt;\"><span style=\"font-size: 12pt;\"><strong>Reverse ()</strong>: Memutar clip mundur untuk creative effect.</span></li>\r\n<li class=\"whitespace-normal break-words pl-2\" style=\"font-size: 12pt;\"><span style=\"font-size: 12pt;\"><strong>Freeze ()</strong>: Menghentikan frame (freeze frame) untuk emphasis atau dramatic pause.</span></li>\r\n<li class=\"whitespace-normal break-words pl-2\" style=\"font-size: 12pt;\"><span style=\"font-size: 12pt;\"><strong>Animation ()</strong>: Keyframe-based animation untuk position, scale, rotation, opacity. Creating motion graphics.</span></li>\r\n</ul>\r\n<p class=\"font-claude-response-body break-words whitespace-normal leading-[1.7]\"><span style=\"font-size: 12pt;\"><strong>Ikon Export dan Sharing</strong></span></p>\r\n<ul class=\"[li_&amp;]:mb-0 [li_&amp;]:mt-1.5 [li_&amp;]:gap-1.5 [&amp;:not(:last-child)_ul]:pb-1 [&amp;:not(:last-child)_ol]:pb-1 list-disc flex flex-col gap-2 pl-8 mb-3\">\r\n<li class=\"whitespace-normal break-words pl-2\" style=\"font-size: 12pt;\"><span style=\"font-size: 12pt;\"><strong>Export ()</strong>: Render final video dengan settings resolution (720p, 1080p, 4K), frame rate (30fps/60fps), dan format. Includes export presets untuk TikTok, Instagram, YouTube.</span></li>\r\n<li class=\"whitespace-normal break-words pl-2\" style=\"font-size: 12pt;\"><span style=\"font-size: 12pt;\"><strong>Save Draft ()</strong>: Menyimpan project sebagai draft untuk dilanjutkan later. Projects auto-save periodically tapi manual save recommended sebelum close app.</span></li>\r\n<li class=\"whitespace-normal break-words pl-2\" style=\"font-size: 12pt;\"><span style=\"font-size: 12pt;\"><strong>Share ()</strong>: Direct sharing ke social media platforms atau save to device gallery.</span></li>\r\n</ul>\r\n<p class=\"font-claude-response-body break-words whitespace-normal leading-[1.7]\"><span style=\"font-size: 12pt;\"><strong>Tips Mengenal Interface</strong></span></p>\r\n<p class=\"font-claude-response-body break-words whitespace-normal leading-[1.7]\"><span style=\"font-size: 12pt;\">Jangan memorize semua icons sekaligus - learning by doing jauh lebih efektif. Mulai dengan basic workflow: import video &rarr; cut unnecessary parts &rarr; add music &rarr; add text &rarr; export. Saat comfortable dengan basics, gradually explore additional tools. Hover mouse (desktop) atau long-press (mobile) pada icons untuk melihat tooltip dengan nama dan deskripsi singkat fungsi. CapCut interface sangat intuitif - most icons self-explanatory dengan visual representation yang jelas. Practice makes perfect - semakin sering explore interface, semakin natural workflow Anda akan menjadi.</span></p>',NULL,NULL,2,'2026-01-07 08:05:23','2026-01-08 01:37:14'),
(31,8,'Memulai Project Pertama','memulai-project-pertama',NULL,NULL,NULL,3,'2026-01-07 08:05:38','2026-01-07 08:05:38'),
(32,8,'Memotong dan Menyusun Video','memotong-dan-menyusun-video',NULL,NULL,NULL,4,'2026-01-07 08:05:54','2026-01-07 08:05:54'),
(33,9,'Menambahkan Musik dan Mengatur Volume','menambahkan-musik-dan-mengatur-volume',NULL,NULL,NULL,1,'2026-01-07 08:06:28','2026-01-07 08:06:28'),
(34,9,'Menambahkan Teks dan Judul','menambahkan-teks-dan-judul',NULL,NULL,NULL,2,'2026-01-07 08:06:42','2026-01-07 08:06:42'),
(35,9,'Transisi Antar Klip','transisi-antar-klip',NULL,NULL,NULL,3,'2026-01-07 08:06:57','2026-01-07 08:06:57'),
(36,9,'Menggunakan Sticker dan Emoji','menggunakan-sticker-dan-emoji',NULL,NULL,NULL,4,'2026-01-07 08:07:14','2026-01-07 08:07:14'),
(37,10,'Filter dan Efek Dasar','filter-dan-efek-dasar',NULL,NULL,NULL,1,'2026-01-07 08:07:47','2026-01-07 08:07:47'),
(38,10,'Mengatur Kecepatan Video','mengatur-kecepatan-video',NULL,NULL,NULL,2,'2026-01-07 08:08:01','2026-01-07 08:08:01'),
(39,10,'Mengatur Kecerahan dan Warna','mengatur-kecerahan-dan-warna',NULL,NULL,NULL,3,'2026-01-07 08:08:15','2026-01-07 08:08:15'),
(40,10,'Sound Effects dan Audio Ducking','sound-effects-dan-audio-ducking',NULL,NULL,NULL,4,'2026-01-07 08:08:28','2026-01-07 08:08:28'),
(41,11,'Merencanakan Video','merencanakan-video',NULL,NULL,NULL,1,'2026-01-07 08:08:59','2026-01-07 08:08:59'),
(42,11,'Teknik Export yang Benar','teknik-export-yang-benar',NULL,NULL,NULL,2,'2026-01-07 08:09:12','2026-01-07 08:09:12'),
(43,11,'Tips dan Trik Editing','tips-dan-trik-editing',NULL,NULL,NULL,3,'2026-01-07 08:09:25','2026-01-07 08:09:25'),
(44,11,'Project Akhir - Eksekusi','project-akhir-eksekusi',NULL,NULL,NULL,4,'2026-01-07 08:09:41','2026-01-07 08:09:41'),
(45,12,'Mengenal Desain Grafis','mengenal-desain-grafis',NULL,NULL,NULL,1,'2026-01-08 00:37:41','2026-01-08 00:37:41'),
(46,12,'Mengenal Canva dan Membuat Akun','mengenal-canva-dan-membuat-akun',NULL,NULL,NULL,2,'2026-01-08 00:38:05','2026-01-08 00:38:05'),
(47,12,'Prinsip Desain Dasar - Kontras','prinsip-desain-dasar-kontras',NULL,NULL,NULL,3,'2026-01-08 00:38:22','2026-01-08 00:38:22'),
(48,12,'Menggunakan Template Sederhana','menggunakan-template-sederhana',NULL,NULL,NULL,4,'2026-01-08 00:38:35','2026-01-08 00:38:35'),
(49,13,'Bekerja dengan Teks','bekerja-dengan-teks',NULL,NULL,NULL,1,'2026-01-08 00:39:26','2026-01-08 00:39:26'),
(50,13,'Bekerja dengan Warna','bekerja-dengan-warna',NULL,NULL,NULL,2,'2026-01-08 00:39:39','2026-01-08 00:39:39'),
(51,13,'Menggunakan Gambar dan Foto','menggunakan-gambar-dan-foto',NULL,NULL,NULL,3,'2026-01-08 00:39:57','2026-01-08 00:39:57'),
(52,13,'Shapes, Icons, dan Stickers','shapes-icons-dan-stickers',NULL,NULL,NULL,4,'2026-01-08 00:40:10','2026-01-08 00:40:10'),
(53,14,'Desain untuk Social Media - Instagram','desain-untuk-social-media-instagram',NULL,NULL,NULL,1,'2026-01-08 00:40:45','2026-01-08 00:40:45'),
(54,14,'Desain Presentasi Sederhana','desain-presentasi-sederhana',NULL,NULL,NULL,2,'2026-01-08 00:40:59','2026-01-08 00:40:59'),
(55,14,'Poster dan Flyer','poster-dan-flyer',NULL,NULL,NULL,3,'2026-01-08 00:41:14','2026-01-08 00:41:14'),
(56,14,'Certificate dan Name Tag','certificate-dan-name-tag',NULL,NULL,NULL,4,'2026-01-08 00:41:27','2026-01-08 00:41:27'),
(57,15,'Brand Consistency Sederhana','brand-consistency-sederhana',NULL,NULL,NULL,1,'2026-01-08 00:42:04','2026-01-08 00:42:04'),
(58,15,'Export dan File Format','export-dan-file-format',NULL,NULL,NULL,2,'2026-01-08 00:42:16','2026-01-08 00:42:16'),
(59,15,'Tips Desain Praktis','tips-desain-praktis',NULL,NULL,NULL,3,'2026-01-08 00:42:31','2026-01-08 00:42:31'),
(60,15,'Project Akhir - Comprehensive Package','project-akhir-comprehensive-package',NULL,NULL,NULL,4,'2026-01-08 00:42:45','2026-01-08 00:42:45'),
(61,2,'Tupoksi & Job Deskripsi Kepala Sub Bagian Transformasi Digital','tupoksi-job-deskripsi-kepala-sub-bagian-transformasi-digital','<h3 data-path-to-node=\"1\"><strong data-path-to-node=\"1\" data-index-in-node=\"0\">Tugas &amp; Fungsi</strong></h3>\r\n<ul>\r\n<li data-path-to-node=\"2,0,0\">Melaksanakan Transformasi Digital di YPI Al Azhar sesuai dengan perkembangan TI terdepan berbasis kebutuhan lapangan.</li>\r\n<li data-path-to-node=\"2,0,0\">Bertanggung jawab terhadap pengaturan teknis transformasi digital unit-unit di bawah YPI Al Azhar dengan mengoptimalkan sumber daya yang berada di bawahnya.</li>\r\n</ul>\r\n<hr data-path-to-node=\"3\">\r\n<h3 data-path-to-node=\"4\"><strong data-path-to-node=\"4\" data-index-in-node=\"0\">Job Deskripsi</strong></h3>\r\n<ul>\r\n<li data-path-to-node=\"5,0,0\">Mengatur seluruh sumber daya TD YPI Al Azhar untuk pelayanan yang optimal.</li>\r\n<li data-path-to-node=\"5,0,0\">Menyusun&nbsp;<em data-path-to-node=\"5,1,0\" data-index-in-node=\"9\">blueprint</em> transformasi digital YPI Al Azhar.</li>\r\n<li data-path-to-node=\"5,0,0\">Merawat seluruh sarana dan prasarana TD YPI Al Azhar.</li>\r\n<li data-path-to-node=\"5,0,0\">Melaksanakan inovasi di bidang TD yang dibutuhkan di lapangan.</li>\r\n<li data-path-to-node=\"5,0,0\">Melaksanakan pengadaan perangkat TD untuk kebutuhan jangka pendek dan panjang.</li>\r\n<li data-path-to-node=\"5,0,0\">Melakukan manajerial yang baik terhadap permintaan layanan dan pengembangan TD.</li>\r\n<li data-path-to-node=\"5,0,0\">Melaksanakan kontrol dan pengawasan terhadap layanan dan optimasi kinerja perangkat TD.</li>\r\n<li data-path-to-node=\"5,0,0\">Mengajukan permohonan status kepegawaian, kenaikan golongan, mutasi, demosi, dan promosi staf TD.</li>\r\n<li data-path-to-node=\"5,0,0\">Menyusun serta memaraf&nbsp;<em data-path-to-node=\"5,8,0\" data-index-in-node=\"23\">draft</em> surat dan proposal yang dibutuhkan di bidang TD.</li>\r\n<li data-path-to-node=\"5,0,0\">Melaksanakan visitasi lapangan terkait layanan TD baik terprogram maupun insidental.</li>\r\n<li data-path-to-node=\"5,0,0\">Menilai kinerja (DP4) staf-staf yang berada di bawahnya.</li>\r\n<li data-path-to-node=\"5,0,0\">Membuat dan melaksanakan seluruh program kerja di bidang pengembangan TD.</li>\r\n</ul>',NULL,NULL,6,'2026-01-08 12:12:17','2026-01-08 12:15:52'),
(62,2,'Tupoksi & Job Deskripsi Staf Perencanaan dan Pengembangan','tupoksi-job-deskripsi-staf-perencanaan-dan-pengembangan','<h3 data-path-to-node=\"0\"><strong data-path-to-node=\"0\" data-index-in-node=\"0\">Tugas &amp; Fungsi</strong></h3>\r\n<ul>\r\n<li data-path-to-node=\"1,0,0\">Melaksanakan program kerja yang berhubungan dengan mengidentifikasi, menganalisis, dan mengimplementasikan ide-ide inovatif serta mengembangkan produk, layanan, atau proses baru untuk meningkatkan efisiensi, produktivitas, atau daya saing di bidang transformasi digital.</li>\r\n<li data-path-to-node=\"1,0,0\">Menyusun dan melaksanakan program kerja terkait tugas pokoknya serta menghimpun dan mengolah data bagi kepentingan Yayasan.</li>\r\n<li data-path-to-node=\"1,0,0\">Mengatur dan mendayagunakan tenaga dan sarana yang ada secara efektif dan efisien.</li>\r\n<li data-path-to-node=\"1,0,0\">Terlibat dalam perancangan dan pengembangan produk atau layanan baru, serta bekerja sama dengan tim teknis, desain, dan produksi pemasaran untuk mengembangkan solusi inovatif yang sesuai dengan kebutuhan.</li>\r\n<li data-path-to-node=\"1,0,0\">Mengidentifikasi peluang-peluang inovasi yang dapat meningkatkan efisiensi, produktivitas, atau daya saing YPI Al Azhar melalui analisis tren industri dan pemahaman kebutuhan lembaga.</li>\r\n<li data-path-to-node=\"1,0,0\">Mengembangkan produk atau layanan baru berdasarkan konsep-konsep inovatif dengan bekerja sama bersama tim teknis, desain, dan produksi untuk memastikan ide-ide tersebut diimplementasikan dengan baik.</li>\r\n<li data-path-to-node=\"1,0,0\">Mengikuti perkembangan baru dan terus meningkatkan pengetahuan agar dapat mengidentifikasi peluang inovasi yang relevan dan dapat diterapkan.</li>\r\n</ul>\r\n<hr data-path-to-node=\"2\">\r\n<h3 data-path-to-node=\"3\"><strong data-path-to-node=\"3\" data-index-in-node=\"0\">Job Deskripsi</strong></h3>\r\n<ul>\r\n<li data-path-to-node=\"4,0,0\"><strong data-path-to-node=\"4,0,0\" data-index-in-node=\"0\">Mengidentifikasi peluang inovasi</strong>: Mencari peluang-peluang baru untuk meningkatkan efisiensi, produktivitas, atau daya saing YPI Al Azhar.</li>\r\n<li data-path-to-node=\"4,0,0\"><strong data-path-to-node=\"4,1,0\" data-index-in-node=\"0\">Merancang dan mengembangkan ide inovatif</strong>: Menghasilkan gagasan-gagasan kreatif dan mengembangkan konsep-konsep inovatif untuk produk, layanan, atau proses baru.</li>\r\n<li data-path-to-node=\"4,0,0\">Menganalisis tren industri, memahami kebutuhan lembaga, dan mengidentifikasi area di mana inovasi dapat memberikan manfaat yang signifikan.</li>\r\n<li data-path-to-node=\"4,0,0\"><strong data-path-to-node=\"4,3,0\" data-index-in-node=\"0\">Membantu dalam pengembangan produk dan layanan</strong>: Bekerja sama dengan tim teknis, desain, dan produksi untuk merancang dan mengembangkan produk atau layanan baru berdasarkan konsep-konsep inovatif.</li>\r\n<li data-path-to-node=\"4,0,0\"><strong data-path-to-node=\"4,4,0\" data-index-in-node=\"0\">Mengikuti perkembangan industri</strong>: Tetap mengikuti perkembangan terbaru dalam bidang teknologi dan tren industri terkait untuk mendapatkan wawasan baru dan mengidentifikasi peluang inovasi yang relevan.</li>\r\n<li data-path-to-node=\"4,0,0\"><strong data-path-to-node=\"4,5,0\" data-index-in-node=\"0\">Meningkatkan pengetahuan inovasi</strong>: Terus belajar dan mengembangkan pengetahuan serta keterampilan dalam bidang inovasi melalui pelatihan dan penelitian.</li>\r\n<li data-path-to-node=\"4,0,0\"><strong data-path-to-node=\"4,6,0\" data-index-in-node=\"0\">Pelatihan dan pembelajaran</strong>: Staf inovasi dan pengembangan transformasi digital berperan dalam menyediakan pelatihan dan pembelajaran kepada unit-unit terkait teknologi dan inovasi digital, meningkatkan literasi digital, serta membantu unit-unit dalam mengadopsi perubahan yang dibawa oleh transformasi digital.</li>\r\n</ul>',NULL,NULL,7,'2026-01-08 12:19:52','2026-01-08 12:24:04'),
(63,2,'Tupoksi & Job Deskripsi Staf Layanan Jaringan Internet','tupoksi-job-deskripsi-staf-layanan-jaringan-internet','<h3 data-path-to-node=\"0\"><strong data-path-to-node=\"0\" data-index-in-node=\"0\">Tugas &amp; Fungsi</strong></h3>\r\n<ul>\r\n<li data-path-to-node=\"1,0,0\">Memastikan kelancaran dan ketersediaan infrastruktur jaringan internet di YPI Al Azhar berjalan dengan baik dan lancar.</li>\r\n<li data-path-to-node=\"1,0,0\">Bertanggung jawab terhadap instalasi jaringan internet, memonitoring jaringan internet, serta mengatasi&nbsp;<em data-path-to-node=\"1,1,0\" data-index-in-node=\"104\">troubleshooting</em> pada jaringan internet.</li>\r\n</ul>\r\n<hr data-path-to-node=\"2\">\r\n<h3 data-path-to-node=\"3\"><strong data-path-to-node=\"3\" data-index-in-node=\"0\">Job Deskripsi</strong></h3>\r\n<ul>\r\n<li data-path-to-node=\"4,0,0\">Analisis Kebutuhan Infrastruktur Perangkat Teknologi Informasi, Jaringan &amp; Internet Sekolah.</li>\r\n<li data-path-to-node=\"4,0,0\">Membuat perencanaan kebutuhan Teknologi Informasi untuk unit-unit Al Azhar baik Sekretariat, Pendidikan, Daksos berdasarkan permohonan.</li>\r\n<li data-path-to-node=\"4,0,0\">Monitoring jaringan internet melalui NOC (<em data-path-to-node=\"4,2,0\" data-index-in-node=\"42\">Network Operation Center</em>) Pusat.</li>\r\n<li data-path-to-node=\"4,0,0\">Melakukan Pemeriksaan &amp;&nbsp;<em data-path-to-node=\"4,3,0\" data-index-in-node=\"24\">Maintenance</em> Perangkat Jaringan internet secara berkala.</li>\r\n<li data-path-to-node=\"4,0,0\"><em data-path-to-node=\"4,4,0\" data-index-in-node=\"0\">Troubleshooting</em> perangkat Jaringan &amp; Komputer Inventaris YPI Al Azhar.</li>\r\n<li data-path-to-node=\"4,0,0\">Melakukan Optimisasi Jaringan Internet dengan konfigurasi perangkat.</li>\r\n<li data-path-to-node=\"4,0,0\">Pendampingan kegiatan Teknologi Informasi untuk melayani kebutuhan Unit di Lingkungan YPI Al Azhar (PAP, PAT, Wisuda, Akhirussanah, Pensi, dll.).</li>\r\n<li data-path-to-node=\"4,0,0\">Visitasi untuk pengecekan jaringan lokal sekolah Cabang YPI Al Azhar.</li>\r\n<li data-path-to-node=\"4,0,0\">Melakukan koordinasi dengan staf NOC pada ISP (<em data-path-to-node=\"4,8,0\" data-index-in-node=\"47\">Internet Service Provider</em>) yang melayani YPI Al Azhar jika terjadi permasalahan pada jaringan internet.</li>\r\n<li data-path-to-node=\"4,0,0\">Melakukan pelatihan penggunaan dan instalasi Moodle/sistem pembelajaran sekolah.</li>\r\n<li data-path-to-node=\"4,0,0\">Memastikan kelancaran dan ketersediaan infrastruktur&nbsp;<em data-path-to-node=\"4,10,0\" data-index-in-node=\"53\">hardware</em> dan perangkat pembelajaran di YPI Al Azhar berjalan dengan baik dan lancar.</li>\r\n</ul>',NULL,NULL,8,'2026-01-08 12:24:46','2026-01-08 12:26:00'),
(64,2,'Tupoksi & Job Deskripsi Staf Layanan Teknis Teknologi Informasi','tupoksi-job-deskripsi-staf-layanan-teknis-teknologi-informasi','<h3 data-path-to-node=\"0\"><strong data-path-to-node=\"0\" data-index-in-node=\"0\">Tugas &amp; Fungsi</strong></h3>\r\n<ul>\r\n<li data-path-to-node=\"1,0,0\">Memastikan kegiatan berbasis Teknologi Informasi di YPI Al Azhar berjalan dengan baik.</li>\r\n<li data-path-to-node=\"1,0,0\">Bertanggung jawab terhadap instalasi jaringan internet, monitoring, dan&nbsp;<em data-path-to-node=\"1,1,0\" data-index-in-node=\"72\">troubleshooting</em> pada jaringan &amp; infrastruktur Teknologi Informasi.</li>\r\n</ul>\r\n<hr data-path-to-node=\"2\">\r\n<h3 data-path-to-node=\"3\"><strong data-path-to-node=\"3\" data-index-in-node=\"0\">Job Deskripsi</strong></h3>\r\n<ul>\r\n<li data-path-to-node=\"4,0,0\">Melakukan perbaikan/perawatan perangkat Teknologi Informasi di YPI Al Azhar.</li>\r\n<li data-path-to-node=\"4,0,0\">Melakukan pemeliharaan perangkat Infrastruktur Jaringan Teknologi Informasi YPI Al Azhar.</li>\r\n<li data-path-to-node=\"4,0,0\">Melakukan visitasi untuk pengecekan jaringan lokal sekolah Cabang YPI Al Azhar.</li>\r\n<li data-path-to-node=\"4,0,0\">Menjalankan&nbsp;<em data-path-to-node=\"4,3,0\" data-index-in-node=\"12\">setup</em> (instalasi Sistem Operasi &amp; <em data-path-to-node=\"4,3,0\" data-index-in-node=\"46\">Software</em>) dan konfigurasi <em data-path-to-node=\"4,3,0\" data-index-in-node=\"72\">server</em> sesuai kebutuhan.</li>\r\n<li data-path-to-node=\"4,0,0\">Menganalisis trafik internet (DNS).</li>\r\n<li data-path-to-node=\"4,0,0\">Memberikan pendampingan pada kegiatan Teknologi Informasi untuk melayani kebutuhan Unit di Lingkungan YPI Al Azhar (PAP, PAT, Wisuda, Akhirussanah, Pentas seni, dll.).</li>\r\n<li data-path-to-node=\"4,0,0\">Memberikan saran &amp; konsultasi kepada unit maupun pegawai yang mengalami kendala perangkat Teknologi Informasi YPI Al Azhar.</li>\r\n<li data-path-to-node=\"4,0,0\">Mengisi laporan pekerjaan bulanan Sub Bagian Teknologi Informasi yang tersedia di Google Drive Sub Bagian Teknologi Informasi.</li>\r\n<li data-path-to-node=\"4,0,0\">Melakukan pengecekan dan perbaikan perangkat komputer, laptop, printer, dan inventaris YPI Al Azhar berdasarkan permohonan aplikasi&nbsp;<!----><!----><!----><!----><!----><!----><!----><!----><!----><!----><!----><!----><!----><!----><!----><!----><!----><!----><!----><!----><!----><!----><a class=\"ng-star-inserted\" href=\"https://www.google.com/search?q=http://helpdesk.al-azhar.or.id/bo/\" target=\"_blank\" rel=\"noopener\" data-hveid=\"0\" data-ved=\"0CAAQ_4QMahgKEwixp5Oe9fuRAxUAAAAAHQAAAAAQtgE\">http://helpdesk.al-azhar.or.id/bo/</a><!----><!----><!----><!----><!----><!----><!----><!----><!----><!----><!----><!----><!----><!----><!----><!----><!----><!----><!----><!----><!----><!----><!----><!----><!----><!----><!----><!----><!----><!----><!----><!----><!----><!----><!----><!---->.</li>\r\n</ul>',NULL,NULL,9,'2026-01-08 12:26:21','2026-01-08 12:27:37'),
(65,2,'Tupoksi & Job Deskripsi Staf Teknologi Informasi Kampus','tupoksi-job-deskripsi-staf-teknologi-informasi-kampus','<h3 data-path-to-node=\"0\"><strong data-path-to-node=\"0\" data-index-in-node=\"0\">Tugas &amp; Fungsi</strong></h3>\r\n<ul>\r\n<li data-path-to-node=\"1,0,0\">Memastikan kegiatan berbasis Teknologi Informasi di YPI Al Azhar berjalan dengan baik.</li>\r\n<li data-path-to-node=\"1,0,0\">Bertanggung jawab terhadap instalasi jaringan internet, monitoring, dan&nbsp;<em data-path-to-node=\"1,1,0\" data-index-in-node=\"72\">troubleshooting</em> pada jaringan &amp; infrastruktur Teknologi Informasi.</li>\r\n</ul>\r\n<hr data-path-to-node=\"2\">\r\n<h3 data-path-to-node=\"3\"><strong data-path-to-node=\"3\" data-index-in-node=\"0\">Job Deskripsi</strong></h3>\r\n<ul>\r\n<li data-path-to-node=\"4,0,0\">Melakukan pengecekan infrastruktur jaringan internet sekolah dan ruang penunjang lainnya secara berkala, termasuk <em data-path-to-node=\"4,0,0\" data-index-in-node=\"114\">router</em>, <em data-path-to-node=\"4,0,0\" data-index-in-node=\"122\">access point</em>, <em data-path-to-node=\"4,0,0\" data-index-in-node=\"136\">switch</em>, dan kabel internet pada unit masing-masing.</li>\r\n<li data-path-to-node=\"4,0,0\">Memonitoring&nbsp;<em data-path-to-node=\"4,1,0\" data-index-in-node=\"13\">router interface</em> penggunaan <em data-path-to-node=\"4,1,0\" data-index-in-node=\"41\">bandwidth</em> internet untuk mendukung kegiatan pembelajaran.</li>\r\n<li data-path-to-node=\"4,0,0\">Melakukan pengecekan&nbsp;<em data-path-to-node=\"4,2,0\" data-index-in-node=\"21\">bandwidth</em> internet secara berkala untuk kualitas jaringan yang optimal.</li>\r\n<li data-path-to-node=\"4,0,0\">Melakukan pengecekan dan perbaikan perangkat komputer, laptop, printer, dan inventaris YPI Al Azhar berdasarkan permohonan aplikasi&nbsp;<!----><!----><!----><!----><!----><!----><!----><!----><!----><!----><!----><!----><!----><!----><!----><!----><!----><!----><!----><!----><!----><!----><a href=\"http://helpdesk.al-azhar.or.id/bo/\">http://helpdesk.al-azhar.or.id/bo/</a><!----><!----><!----><!----><!----><!----><!----><!----><!----><!----><!----><!----><!----><!----><!----><!----><!----><!----><!----><!----><!----><!----><!----><!----><!----><!----><!----><!----><!----><!----><!----><!----><!----><!----><!----><!---->.</li>\r\n<li data-path-to-node=\"4,0,0\">Memberikan bukti pemeriksaan kerusakan perangkat komputer inventaris untuk pengajuan barang pengganti ke YPI Al Azhar.</li>\r\n<li data-path-to-node=\"4,0,0\">Melakukan&nbsp;<em data-path-to-node=\"4,5,0\" data-index-in-node=\"10\">supporting</em> jaringan internet dalam kegiatan virtual berdasarkan surat permohonan dari unit pemohon.</li>\r\n<li data-path-to-node=\"4,0,0\">Menarik kabel LAN ANBK, mengatur perangkat&nbsp;<em data-path-to-node=\"4,6,0\" data-index-in-node=\"43\">server</em>, mengatur perangkat <em data-path-to-node=\"4,6,0\" data-index-in-node=\"70\">client</em> di ruang kelas dengan didampingi proktor atau PIC yang ditunjuk oleh pihak sekolah berdasarkan surat permohonan dari unit pemohon.</li>\r\n<li data-path-to-node=\"4,0,0\">Melakukan pendampingan sinkronisasi&nbsp;<em data-path-to-node=\"4,7,0\" data-index-in-node=\"36\">server</em> ANBK dengan didampingi proktor atau PIC yang ditunjuk oleh sekolah.</li>\r\n<li data-path-to-node=\"4,0,0\">Melakukan pendampingan kegiatan ANBK berdasarkan surat permohonan dari unit pemohon.</li>\r\n<li data-path-to-node=\"4,0,0\">Melakukan&nbsp;<em data-path-to-node=\"4,9,0\" data-index-in-node=\"10\">supporting</em> kegiatan <em data-path-to-node=\"4,9,0\" data-index-in-node=\"30\">Digital Class</em>.</li>\r\n<li data-path-to-node=\"4,0,0\">Membantu kegiatan sekolah apabila dilibatkan dalam kepanitiaan berdasarkan surat permohonan dari unit pemohon.</li>\r\n<li data-path-to-node=\"4,0,0\">Mengisi laporan pekerjaan bulanan Sub Bagian Teknologi Informasi yang tersedia di Google Drive Sub Bagian Teknologi Informasi.</li>\r\n</ul>',NULL,NULL,10,'2026-01-08 12:27:56','2026-01-08 12:30:01'),
(66,2,'Tupoksi & Job Deskripsi Staf Sistem Analisis Digital','tupoksi-job-deskripsi-staf-sistem-analisis-digital','<h3 data-path-to-node=\"0\"><strong data-path-to-node=\"0\" data-index-in-node=\"0\">Tugas &amp; Fungsi</strong></h3>\r\n<ul>\r\n<li data-path-to-node=\"1,0,0\">Melaksanakan program kerja terkait layanan sistem informasi, cloud, dan dukungan aplikasi digital di YPI Al Azhar.</li>\r\n<li data-path-to-node=\"1,0,0\">Mengimplementasikan Sistem Informasi Digital di YPI Al Azhar.</li>\r\n<li data-path-to-node=\"1,0,0\">Terus meningkatkan pengetahuan untuk mengidentifikasi peluang inovasi yang relevan.</li>\r\n</ul>\r\n<hr data-path-to-node=\"2\">\r\n<h3 data-path-to-node=\"3\"><strong data-path-to-node=\"3\" data-index-in-node=\"0\">Job Deskripsi</strong></h3>\r\n<ul>\r\n<li data-path-to-node=\"4,0,0\">Melakukan pemeliharaan Server YPI Al Azhar yang melayani unit seperti AAS, SIAP, SIDAK, dsb.</li>\r\n<li data-path-to-node=\"4,0,0\"><em data-path-to-node=\"4,1,0\" data-index-in-node=\"0\">Backup</em> aplikasi, website, dan database untuk unit di YPI Al Azhar.</li>\r\n<li data-path-to-node=\"4,0,0\">Membuat website sekolah untuk Al Azhar Cabang dan Kerjasama sesuai permohonan.</li>\r\n<li data-path-to-node=\"4,0,0\">Memberikan dukungan kepada programmer dalam merancang, mengembangkan, dan memelihara aplikasi digital.</li>\r\n<li data-path-to-node=\"4,0,0\">Memberikan usulan atau fitur baru pada aplikasi Digital YPI Al Azhar.</li>\r\n<li data-path-to-node=\"4,0,0\">Menjamin keamanan aplikasi digital, termasuk perlindungan data dan pencegahan serangan siber.</li>\r\n<li data-path-to-node=\"4,0,0\">Memberikan dukungan teknis kepada pengguna aplikasi digital, menjawab pertanyaan, menangani masalah, dan memberikan solusi.</li>\r\n<li data-path-to-node=\"4,0,0\">Menjaga kelancaran kinerja server dengan pemeliharaan rutin, pembaruan, dan penanganan masalah lain.</li>\r\n<li data-path-to-node=\"4,0,0\">Mengidentifikasi risiko keamanan aplikasi digital dan menganalisis kebutuhan pengguna untuk meningkatkan kualitas dan fungsionalitasnya.</li>\r\n<li data-path-to-node=\"4,0,0\">Memberikan dukungan pelatihan terkait perkembangan Teknologi Informasi &amp; Transformasi Digital di YPI Al Azhar.</li>\r\n</ul>',NULL,NULL,11,'2026-01-08 12:30:22','2026-01-08 12:31:57'),
(67,2,'Tupoksi & Job Deskripsi Staf Operasional dan Basis Data','tupoksi-job-deskripsi-staf-operasional-dan-basis-data','<h3 data-path-to-node=\"0\"><strong data-path-to-node=\"0\" data-index-in-node=\"0\">Tugas &amp; Fungsi</strong></h3>\r\n<ul>\r\n<li data-path-to-node=\"1,0,0\">Melaksanakan program kerja terkait pengelolaan efektif dan efisien dari database YPI Al Azhar.</li>\r\n<li data-path-to-node=\"1,0,0\">Menjaga keandalan, keamanan, dan ketersediaan data serta memberikan dukungan kepada pengguna dalam memenuhi kebutuhan informasi.</li>\r\n</ul>\r\n<hr data-path-to-node=\"2\">\r\n<h3 data-path-to-node=\"3\"><strong data-path-to-node=\"3\" data-index-in-node=\"0\">Job Deskripsi</strong></h3>\r\n<ul>\r\n<li data-path-to-node=\"4,0,0\">Mengelola dan memelihara basis data, termasuk desain, implementasi, dan optimasi struktur basis data.</li>\r\n<li data-path-to-node=\"4,0,0\">Menjamin keamanan akses dan menerapkan langkah-langkah perlindungan data yang sesuai.</li>\r\n<li data-path-to-node=\"4,0,0\">Merancang dan memelihara skema database, termasuk membuat indeks dan mengatur relasi antar tabel.</li>\r\n<li data-path-to-node=\"4,0,0\">Melakukan&nbsp;<em data-path-to-node=\"4,3,0\" data-index-in-node=\"10\">backup</em> data secara berkala dan merencanakan pemulihan data darurat.</li>\r\n<li data-path-to-node=\"4,0,0\">Memantau dan menganalisis kinerja basis data, mengidentifikasi dan memperbaiki masalah kinerja.</li>\r\n<li data-path-to-node=\"4,0,0\">Memberikan dukungan teknis kepada pengguna database, membantu pemecahan masalah, memberikan pelatihan, dan menjawab pertanyaan.</li>\r\n<li data-path-to-node=\"4,0,0\">Mengoptimalkan struktur database dan mengatur jadwal&nbsp;<em data-path-to-node=\"4,6,0\" data-index-in-node=\"53\">backup</em> data untuk pemulihan dalam situasi darurat.</li>\r\n<li data-path-to-node=\"4,0,0\">Mengelola dan memelihara database YPI Al Azhar dengan akurat dan teratur.</li>\r\n<li data-path-to-node=\"4,0,0\">Menjaga keamanan data dengan menerapkan kebijakan perlindungan data dan hak akses.</li>\r\n<li data-path-to-node=\"4,0,0\">Membuat laporan kinerja basis data dan menyajikan informasi yang relevan untuk pengambilan keputusan.</li>\r\n</ul>',NULL,NULL,12,'2026-01-08 12:32:16','2026-01-08 12:33:32'),
(68,2,'Tupoksi & Job Deskripsi Staf Pemrograman','tupoksi-job-deskripsi-staf-pemrograman','<h3 data-path-to-node=\"0\"><strong data-path-to-node=\"0\" data-index-in-node=\"0\">Tugas &amp; Fungsi</strong></h3>\r\n<ul>\r\n<li data-path-to-node=\"1,0,0\">Staf pemrograman bertanggung jawab untuk merancang, mengembangkan, dan memelihara aplikasi serta sistem informasi di YPI Al Azhar. Mereka melakukan analisis kebutuhan, menulis kode program, dan memastikan teknologi informasi dan transformasi digital berjalan dengan optimal.</li>\r\n<li data-path-to-node=\"1,0,0\">Memberikan dukungan teknis kepada pengguna dan terus mengikuti perkembangan teknologi terkini.</li>\r\n</ul>\r\n<hr data-path-to-node=\"2\">\r\n<h3 data-path-to-node=\"3\"><strong data-path-to-node=\"3\" data-index-in-node=\"0\">Job Deskripsi</strong></h3>\r\n<ul>\r\n<li>Sebagai seorang Staf Pemrograman di YPI Al Azhar, tanggung jawab utamanya yaitu melibatkan perancangan, pengembangan, dan pemeliharaan aplikasi serta sistem informasi.</li>\r\n<li>Menganalisis dan memahami kebutuhan sistem yang diperlukan oleh berbagai unit atau unit di YPI Al Azhar.</li>\r\n<li>Berinteraksi dengan pengguna untuk mendapatkan pemahaman yang mendalam tentang persyaratan aplikasi atau sistem.</li>\r\n<li>Merancang struktur dan arsitektur sistem berdasarkan hasil analisis kebutuhan.</li>\r\n<li>Menyusun rencana pengembangan yang mencakup langkah-langkah spesifik dan waktu pelaksanaan.</li>\r\n<li>Menerjemahkan spesifikasi ke dalam kode program dengan menggunakan bahasa pemrograman yang relevan.</li>\r\n<li>Mengembangkan aplikasi dan program yang memenuhi standar kualitas dan keamanan yang ditetapkan.</li>\r\n<li>Melakukan pengujian menyeluruh untuk memastikan kinerja aplikasi yang optimal.</li>\r\n<li>Mengidentifikasi dan memperbaiki bug atau kesalahan yang mungkin muncul selama pengembangan.</li>\r\n<li>Mengintegrasikan berbagai komponen sistem untuk memastikan keterhubungan yang baik antaraplikasi.</li>\r\n<li>Memastikan teknologi informasi dan transformasi digital keseluruhan sistem beroperasi dengan efisien.</li>\r\n<li>Menyelenggarakan pemeliharaan rutin untuk memastikan kelancaran operasional aplikasi.</li>\r\n<li>Merespons dan memperbaiki masalah yang muncul dalam penggunaan sehari-hari.</li>\r\n<li>Membuat dokumentasi lengkap tentang kode program, struktur basis data, dan prosedur penggunaan.</li>\r\n<li>Menyediakan petunjuk yang jelas untuk memudahkan penggunaan dan pemeliharaan aplikasi.</li>\r\n<li>Memberikan dukungan teknis kepada pengguna, termasuk menjawab pertanyaan, memberikan solusi, dan memberikan pelatihan jika diperlukan.</li>\r\n<li>Berinteraksi secara efektif dengan pengguna untuk memahami kebutuhan dan masalah yang mungkin muncul.</li>\r\n<li>Tetap memantau perkembangan teknologi dan tren industri terkini.</li>\r\n<li>Mengusulkan dan menerapkan inovasi serta pembaruan dalam pengembangan aplikasi untuk meningkatkan fungsionalitas dan kinerja.</li>\r\n<li>Menyertakan praktik keamanan dalam setiap tahap pengembangan untuk memastikan aplikasi yang aman dari ancaman keamanan.</li>\r\n<li>Menyusun laporan kemajuan pengembangan untuk manajemen atau pihak terkait.</li>\r\n<li>Melakukan evaluasi rutin terhadap performa aplikasi dan merancang perbaikan atau pembaruan sesuai kebutuhan.</li>\r\n</ul>',NULL,NULL,13,'2026-01-08 12:34:03','2026-01-08 12:35:44'),
(69,2,'Tupoksi & Job Deskripsi Staf UI / UX','tupoksi-job-deskripsi-staf-ui-ux','<ul>\r\n<li data-path-to-node=\"0,0,0\"><strong data-path-to-node=\"0,0,0\" data-index-in-node=\"0\">UI (User Interface):</strong> Berfokus pada tampilan visual antarmuka. Ini termasuk desain elemen-elemen seperti tombol, ikon, tipografi, warna, dan tata letak secara keseluruhan.</li>\r\n<li data-path-to-node=\"0,0,0\"><strong data-path-to-node=\"0,1,0\" data-index-in-node=\"0\">UX (User Experience):</strong> Berfokus pada bagaimana pengguna berinteraksi dengan produk secara keseluruhan, memastikan kemudahan penggunaan dan memaksimalkan kepuasan pengguna.</li>\r\n</ul>\r\n<hr data-path-to-node=\"1\">\r\n<h3 data-path-to-node=\"2\"><strong data-path-to-node=\"2\" data-index-in-node=\"0\">Tugas &amp; Fungsi</strong></h3>\r\n<ul>\r\n<li data-path-to-node=\"3,0,0\">Melakukan riset tentang kebutuhan pengguna, kebiasaan, dan preferensi mereka.</li>\r\n<li data-path-to-node=\"3,0,0\">Menggunakan metode seperti wawancara pengguna, survei, dan tes kegunaan untuk mendapatkan wawasan mendalam.</li>\r\n<li data-path-to-node=\"3,0,0\">Membuat wireframe (kerangka dasar tata letak) untuk menunjukkan posisi elemen pada halaman.</li>\r\n<li data-path-to-node=\"3,0,0\">Mengembangkan prototipe interaktif yang dapat digunakan untuk menguji alur kerja aplikasi atau situs web.</li>\r\n<li data-path-to-node=\"3,0,0\">Menciptakan desain visual antarmuka yang menarik, konsisten, dan mudah digunakan.</li>\r\n<li data-path-to-node=\"3,0,0\">Mengembangkan elemen interaksi seperti animasi, transisi, atau efek yang memperkaya pengalaman pengguna.</li>\r\n<li data-path-to-node=\"3,0,0\">Mengatur sesi pengujian untuk melihat bagaimana pengguna nyata berinteraksi dengan desain.<br>Menganalisis hasil pengujian untuk meningkatkan atau memperbaiki desain sesuai dengan kebutuhan pengguna.</li>\r\n<li data-path-to-node=\"3,0,0\">Bekerja sama dengan tim pengembang (developer) untuk memastikan desain yang dihasilkan dapat diterapkan dengan baik.</li>\r\n<li data-path-to-node=\"3,0,0\">Memberikan panduan tentang penggunaan warna, font, dan elemen visual lain agar tetap sesuai dengan desain.</li>\r\n<li data-path-to-node=\"3,0,0\">Terus memantau bagaimana pengguna menggunakan produk dan melakukan peningkatan berdasarkan&nbsp;<em data-path-to-node=\"3,10,0\" data-index-in-node=\"91\">feedback</em> pengguna.</li>\r\n<li data-path-to-node=\"3,0,0\">Mengoptimalkan alur pengguna untuk meminimalkan hambatan dan meningkatkan efisiensi dalam penggunaan produk.</li>\r\n<li data-path-to-node=\"3,0,0\">Menjaga konsistensi dalam desain sesuai dengan panduan brand (<em data-path-to-node=\"3,12,0\" data-index-in-node=\"62\">brand guidelines</em>) perusahaan.</li>\r\n<li data-path-to-node=\"3,0,0\">Membuat desain yang sejalan dengan identitas visual perusahaan.</li>\r\n<li data-path-to-node=\"3,0,0\">Mendokumentasikan proses desain dan hasil riset.</li>\r\n<li data-path-to-node=\"3,0,0\">Menyusun presentasi untuk memperjelas visi desain kepada tim manajemen atau klien.</li>\r\n<li data-path-to-node=\"3,0,0\">Selalu mengikuti perkembangan terbaru dalam dunia desain UI/UX untuk memastikan desain tetap relevan dan modern.</li>\r\n</ul>\r\n<hr data-path-to-node=\"4\">\r\n<h3 data-path-to-node=\"5\"><strong data-path-to-node=\"5\" data-index-in-node=\"0\">Job Deskripsi</strong></h3>\r\n<ul>\r\n<li data-path-to-node=\"6,0,0\">Membuat user persona: Untuk menggambarkan karakteristik pengguna ideal.</li>\r\n<li data-path-to-node=\"6,0,0\">Membuat journey map: Visualisasi langkah-langkah yang diambil pengguna saat menggunakan produk.</li>\r\n<li data-path-to-node=\"6,0,0\">Mendesain layout responsif: Menjamin desain tetap terlihat baik di berbagai ukuran layar.</li>\r\n<li data-path-to-node=\"6,0,0\">Mengevaluasi dan memperbarui produk: Berdasarkan data analitik dan <em data-path-to-node=\"6,3,0\" data-index-in-node=\"67\">feedback</em> pengguna.</li>\r\n</ul>',NULL,NULL,14,'2026-01-08 12:36:06','2026-01-08 12:38:25'),
(70,2,'Tupoksi & Job Deskripsi Staf Cyber Security','tupoksi-job-deskripsi-staf-cyber-security','<h3 data-path-to-node=\"0\"><strong data-path-to-node=\"0\" data-index-in-node=\"0\">Tugas &amp; Fungsi</strong></h3>\r\n<ul>\r\n<li data-path-to-node=\"1,0,0\">Melindungi informasi dan aset perusahaan dari ancaman siber seperti <em data-path-to-node=\"1,0,0\" data-index-in-node=\"68\">malware</em>, <em data-path-to-node=\"1,0,0\" data-index-in-node=\"77\">phishing</em>, <em data-path-to-node=\"1,0,0\" data-index-in-node=\"87\">hacking</em>, dan pencurian data.</li>\r\n<li data-path-to-node=\"1,0,0\">Mengidentifikasi kerentanan sistem, serta merancang dan menerapkan solusi keamanan yang efektif.</li>\r\n<li data-path-to-node=\"1,0,0\">Menganalisis sistem perusahaan untuk menemukan kelemahan atau celah keamanan yang berpotensi diserang.</li>\r\n<li data-path-to-node=\"1,0,0\">Menilai seberapa besar risiko dari kelemahan tersebut dan bagaimana potensi dampaknya pada perusahaan.</li>\r\n<li data-path-to-node=\"1,0,0\">Menerapkan Proteksi dan Solusi Keamanan.</li>\r\n<li data-path-to-node=\"1,0,0\">Memantau lalu lintas jaringan untuk mendeteksi aktivitas mencurigakan atau anomali.</li>\r\n<li data-path-to-node=\"1,0,0\">Menganalisis log dari sistem dan perangkat jaringan untuk menemukan jejak ancaman keamanan.</li>\r\n<li data-path-to-node=\"1,0,0\">Menyusun kebijakan dan prosedur terkait penggunaan teknologi, akses data, dan respons terhadap insiden keamanan.</li>\r\n<li data-path-to-node=\"1,0,0\">Memberikan edukasi kepada karyawan tentang praktik terbaik keamanan siber, seperti cara mengenali&nbsp;<em data-path-to-node=\"1,8,0\" data-index-in-node=\"98\">phishing</em>, menjaga kerahasiaan kata sandi, dan pentingnya pembaruan sistem.</li>\r\n<li data-path-to-node=\"1,0,0\">Menangani dan menyelidiki insiden keamanan, seperti kebocoran data, serangan&nbsp;<em data-path-to-node=\"1,9,0\" data-index-in-node=\"77\">malware</em>, atau peretasan sistem.</li>\r\n<li data-path-to-node=\"1,0,0\">Mengambil langkah-langkah untuk menghentikan serangan yang sedang berlangsung dan memulihkan sistem yang terkena dampak.</li>\r\n</ul>\r\n<hr data-path-to-node=\"2\">\r\n<h3 data-path-to-node=\"3\"><strong data-path-to-node=\"3\" data-index-in-node=\"0\">Job Deskripsi</strong></h3>\r\n<ul>\r\n<li data-path-to-node=\"4,0,0\">Merancang dan mengimplementasikan strategi keamanan siber perusahaan.</li>\r\n<li data-path-to-node=\"4,0,0\">Memantau dan merespons insiden keamanan secara&nbsp;<em data-path-to-node=\"4,1,0\" data-index-in-node=\"47\">real-time</em>.</li>\r\n<li data-path-to-node=\"4,0,0\">Melakukan pengujian penetrasi rutin dan analisis risiko.</li>\r\n<li data-path-to-node=\"4,0,0\">Menerapkan kebijakan keamanan dan melatih karyawan terkait ancaman siber.</li>\r\n<li data-path-to-node=\"4,0,0\">Mengelola akses dan kontrol hak istimewa untuk karyawan dalam menggunakan sistem perusahaan.</li>\r\n<li data-path-to-node=\"4,0,0\">Mengembangkan dokumentasi insiden dan prosedur mitigasi serangan.</li>\r\n<li data-path-to-node=\"4,0,0\">Berkolaborasi dengan tim IT lainnya untuk memastikan keamanan di semua level infrastruktur teknologi perusahaan.</li>\r\n</ul>',NULL,NULL,15,'2026-01-08 12:39:05','2026-01-08 12:40:18'),
(71,2,'Tupoksi & Job Deskripsi Staf Helpdesk','tupoksi-job-deskripsi-staf-helpdesk','<h3 data-path-to-node=\"0\"><strong data-path-to-node=\"0\" data-index-in-node=\"0\">Tugas &amp; Fungsi</strong></h3>\r\n<ul>\r\n<li data-path-to-node=\"1,0,0\">Memberikan dukungan teknis kepada pengguna yang mengalami masalah IT.</li>\r\n<li data-path-to-node=\"1,0,0\">Mengidentifikasi, menganalisis, dan menyelesaikan masalah teknis atau mengeskalasikannya ke tim terkait jika perlu.</li>\r\n<li data-path-to-node=\"1,0,0\">Menyediakan panduan atau pelatihan dasar kepada pengguna tentang penggunaan perangkat atau sistem tertentu.</li>\r\n<li data-path-to-node=\"1,0,0\">Mendengarkan keluhan pengguna, mengajukan pertanyaan untuk mengidentifikasi masalah yang dihadapi, baik itu terkait perangkat keras (<em data-path-to-node=\"1,3,0\" data-index-in-node=\"133\">hardware</em>) maupun perangkat lunak (<em data-path-to-node=\"1,3,0\" data-index-in-node=\"167\">software</em>).</li>\r\n<li data-path-to-node=\"1,0,0\">Menggunakan alat dan sumber daya yang tersedia untuk menyelesaikan masalah sesegera mungkin.</li>\r\n<li data-path-to-node=\"1,0,0\">Jika masalah tidak dapat diselesaikan oleh staf Helpdesk, mereka akan mengeskalasikannya ke tim teknis yang lebih spesialis, seperti tim jaringan atau pengembang perangkat lunak.</li>\r\n<li data-path-to-node=\"1,0,0\">Menggunakan&nbsp;<em data-path-to-node=\"1,6,0\" data-index-in-node=\"12\">software helpdesk</em> untuk mencatat dan mengelola tiket dukungan. Setiap permintaan pengguna akan didokumentasikan, ditetapkan prioritas, dan dipantau hingga selesai.</li>\r\n<li data-path-to-node=\"1,0,0\">Mencatat solusi yang diberikan untuk setiap masalah sehingga dapat digunakan sebagai referensi jika masalah yang sama muncul di kemudian hari.</li>\r\n<li data-path-to-node=\"1,0,0\">Memberikan panduan dan pelatihan dasar kepada karyawan atau pengguna tentang penggunaan perangkat dan aplikasi tertentu.</li>\r\n<li data-path-to-node=\"1,0,0\">Memberikan edukasi tentang praktik keamanan siber, seperti cara menghindari&nbsp;<em data-path-to-node=\"1,9,0\" data-index-in-node=\"76\">phishing</em>, <em data-path-to-node=\"1,9,0\" data-index-in-node=\"86\">malware</em>, atau menjaga keamanan akun.</li>\r\n</ul>\r\n<hr data-path-to-node=\"2\">\r\n<h3 data-path-to-node=\"3\"><strong data-path-to-node=\"3\" data-index-in-node=\"0\">Job Deskripsi</strong></h3>\r\n<ul>\r\n<li data-path-to-node=\"4,0,0\">Menangani panggilan telepon, email, atau <em data-path-to-node=\"4,0,0\" data-index-in-node=\"41\">chat</em> dari pengguna yang mengalami masalah teknis.</li>\r\n<li data-path-to-node=\"4,0,0\">Membantu pengguna dalam proses&nbsp;<em data-path-to-node=\"4,1,0\" data-index-in-node=\"31\">login</em>, pengaturan email, konektivitas jaringan, atau masalah lainnya yang umum terjadi.</li>\r\n<li data-path-to-node=\"4,0,0\">Mengelola dan memantau sistem manajemen tiket untuk memastikan semua masalah diselesaikan tepat waktu.</li>\r\n<li data-path-to-node=\"4,0,0\">Mengeksekusi tugas administratif IT seperti pencadangan data atau pemantauan status sistem.</li>\r\n<li data-path-to-node=\"4,0,0\">Melakukan&nbsp;<em data-path-to-node=\"4,4,0\" data-index-in-node=\"10\">troubleshooting</em> terhadap perangkat keras seperti komputer, printer, dan <em data-path-to-node=\"4,4,0\" data-index-in-node=\"82\">scanner</em>.</li>\r\n<li data-path-to-node=\"4,0,0\">Menjaga komunikasi yang baik dengan pengguna dan memastikan mereka puas dengan dukungan yang diberikan.</li>\r\n<li data-path-to-node=\"4,0,0\">Memberikan laporan rutin tentang jumlah tiket yang ditangani, masalah yang muncul, dan solusi yang diambil.</li>\r\n</ul>',NULL,NULL,16,'2026-01-08 12:40:38','2026-01-08 12:42:25'),
(72,2,'Tupoksi & Job Deskripsi Staf Tata Usaha','tupoksi-job-deskripsi-staf-tata-usaha','<h3 data-path-to-node=\"0\"><strong data-path-to-node=\"0\" data-index-in-node=\"0\">Tugas &amp; Fungsi</strong></h3>\r\n<ul>\r\n<li data-path-to-node=\"1,0,0\">Mengelola administrasi umum kantor, pengelolaan arsip, dan pembukuan keuangan.</li>\r\n<li data-path-to-node=\"1,0,0\">Bertanggung jawab dalam mengelola keuangan, administrasi, dan pencairan pengajuan permohonan.</li>\r\n</ul>\r\n<hr data-path-to-node=\"2\">\r\n<h3 data-path-to-node=\"3\"><strong data-path-to-node=\"3\" data-index-in-node=\"0\">Job Deskripsi</strong></h3>\r\n<ul>\r\n<li data-path-to-node=\"4,0,0\">Mengelola surat masuk dan surat keluar.</li>\r\n<li data-path-to-node=\"4,0,0\">Input disposisi surat masuk untuk keluar.</li>\r\n<li data-path-to-node=\"4,0,0\">Membuat tagihan pembayaran internet dan LPJ Uang Muka kegiatan.</li>\r\n<li data-path-to-node=\"4,0,0\">Melaksanakan pelayanan kesra pegawai TI &amp; TD.</li>\r\n<li data-path-to-node=\"4,0,0\">Mengelola kas kecil dan menyusun jadwal serta notulensi rapat-rapat.</li>\r\n<li data-path-to-node=\"4,0,0\">Menyusun draft surat dan proposal.</li>\r\n<li data-path-to-node=\"4,0,0\">Mengelola keuangan kegiatan Bagian TI &amp; TD.</li>\r\n<li data-path-to-node=\"4,0,0\">Melaksanakan koordinasi administrasi dengan unit-unit terkait.</li>\r\n<li data-path-to-node=\"4,0,0\">Melaksanakan inventarisasi barang.</li>\r\n<li data-path-to-node=\"4,0,0\">Mengkoordinasikan tugas kebersihan Bagian TI &amp; TD (pembantu umum).</li>\r\n</ul>',NULL,NULL,17,'2026-01-08 12:42:42','2026-01-08 12:43:47'),
(73,16,'Pengembangan Budaya Digital YPI Al Azhar','pengembangan-budaya-digital-ypi-al-azhar','<p data-path-to-node=\"0\">Pengembangan budaya digital di Yayasan Pesantren Islam Al Azhar (YPI Al Azhar) bersamaan dengan peningkatan kapasitas digital bertujuan untuk menyokong tiga pilar utamanya: Pendidikan, Dakwah, dan Sosial. Kebijakan Teknologi Informasi (<em data-path-to-node=\"0\" data-index-in-node=\"236\">IT Policy</em>) menjadi pondasi penting dalam menciptakan lingkungan yang mendukung pengembangan YPI Al Azhar.</p>\r\n<p data-path-to-node=\"1\">Kebijakan ini mencakup aturan, pedoman, dan praktik teknologi informasi dan transformasi digital yang mengatur penggunaan, pengelolaan, dan perlindungan sumber daya teknologi informasi di seluruh organisasi. Tujuan utama kebijakan ini adalah memastikan keamanan data, meningkatkan efisiensi, dan menciptakan lingkungan yang kondusif bagi pertukaran informasi dan kolaborasi antara pendidikan dan perkembangan teknologi.</p>\r\n<p data-path-to-node=\"2\">Dalam konteks YPI Al Azhar, pengembangan budaya digital menjadi aspek krusial yang harus diperhatikan, mengingat peran vital teknologi informasi dalam memperkuat tiga pilar utama yayasan. Otomatisasi proses bisnis dan peningkatan kapasitas digital juga menjadi fokus kebijakan teknologi informasi, sejalan dengan pentingnya keamanan data.</p>\r\n<p data-path-to-node=\"3\">Melalui kebijakan ini, budaya digital dibangun dengan memperhatikan pengembangan dan penyediaan infrastruktur TI yang memadai di seluruh kampus dan Masjid YPI Al Azhar di seluruh Indonesia. Akses yang mudah dan terjangkau ke perangkat dan sumber daya digital juga menjadi perhatian utama untuk kegiatan akademik dan administratif.</p>\r\n<p data-path-to-node=\"4\">YPI Al Azhar bersama berbagai pihak akan mengembangkan program pelatihan dan pendidikan untuk meningkatkan literasi digital dan kemampuan penggunaan teknologi informasi. Program ini mencakup pelatihan dasar dalam penggunaan perangkat keras dan perangkat lunak, aplikasi, dan sistem yang relevan dengan kegiatan akademik dan administratif, serta pelatihan lanjutan dalam topik khusus.</p>\r\n<p data-path-to-node=\"5\">Untuk meningkatkan kesadaran, kampanye tentang pentingnya budaya digital dan pemanfaatan teknologi informasi dijadikan komponen rutin dalam perencanaan proses bisnis di YPI Al Azhar. Evaluasi secara berkala dilakukan untuk mengevaluasi efektivitas dan dampak penggunaan teknologi informasi, informasi ini digunakan untuk menginformasikan kebijakan masa depan dan mengidentifikasi area yang perlu perbaikan.</p>\r\n<p data-path-to-node=\"6\">Secara internal, YPI Al Azhar akan menggunakan <em data-path-to-node=\"6\" data-index-in-node=\"47\">Knowledge Management Platform</em> (KMP) untuk menjaga kontinuitas pengembangan layanan TI pada setiap lini kegiatan. KMP berfungsi sebagai sistem untuk mengumpulkan, menyimpan, dan membagikan pengetahuan dan informasi di antara anggota unit internal YPI Al Azhar. Penggunaan KMP membantu mengidentifikasi dan mengelola pengetahuan yang dimiliki oleh anggota tim, memungkinkan anggota tim untuk belajar mandiri dan meningkatkan keterampilan masing-masing.</p>',NULL,NULL,1,'2026-01-08 12:44:48','2026-01-08 12:45:42'),
(74,16,'Digitalisasi dan Otomasi','digitalisasi-dan-otomasi','<p data-path-to-node=\"0\">Digitalisasi dan otomasi di lingkungan Al Azhar akan dilakukan dengan mengembangkan berbagai aplikasi terintegrasi, dengan aplikasi <strong data-path-to-node=\"0\" data-index-in-node=\"132\">Salam Al Azhar</strong> sebagai induknya. Proses bisnis aplikasi ini melayani <em data-path-to-node=\"0\" data-index-in-node=\"201\">stakeholder</em> utama, yaitu murid, orang tua, dan guru. Sebagai platform digital, Salam Al Azhar menyediakan beragam proses bisnis yang dalam pengembangannya melibatkan berbagai Unit Layanan Teknis dan Direktorat di lingkungan YPI Al Azhar. Seiring dengan perkembangan kompleksitas proses bisnis dan teknologi serta perubahan kebutuhan, menjadi penting bagi YPI Al Azhar untuk meningkatkan proses kolaborasi antara berbagai entitas internal guna mencapai tujuan strategis organisasi.</p>\r\n<p data-path-to-node=\"1\">Dalam rangka mewujudkan inisiatif ini, <em data-path-to-node=\"1\" data-index-in-node=\"39\">stakeholder</em> YPI Al Azhar memberikan peran yang lebih kuat dan bertanggung jawab untuk mengelola serta mengendalikan aplikasi dan proses bisnis terkait. Dalam hal ini, <em data-path-to-node=\"1\" data-index-in-node=\"206\">stakeholder</em> dari berbagai unit layanan teknis dan direktorat akan mulai berperan sebagai <strong data-path-to-node=\"1\" data-index-in-node=\"295\"><em data-path-to-node=\"1\" data-index-in-node=\"295\">Product Owner</em></strong> yang memastikan bahwa kepentingan pengguna dan organisasi pada tingkat YPI Al Azhar terpenuhi dalam pengembangan platform.</p>\r\n<p data-path-to-node=\"2\">Pelibatan <em data-path-to-node=\"2\" data-index-in-node=\"10\">stakeholder</em> yang lebih luas ini akan memungkinkan kolaborasi yang lebih efektif dan efisien dalam pengembangan Salam Al Azhar, serta memastikan bahwa sistem yang dihasilkan sesuai dengan kebutuhan dan harapan para pengguna. Hal ini mencakup penggabungan visi dan misi layanan teknis serta direktorat-direktorat yang terlibat dalam proses pengambilan keputusan dan perencanaan strategis.</p>\r\n<p data-path-to-node=\"3\">Kemudian, sebagai upaya perluasan layanan, YPI Al Azhar juga menyediakan layanan <strong data-path-to-node=\"3\" data-index-in-node=\"81\"><em data-path-to-node=\"3\" data-index-in-node=\"81\">Application Programming Interfaces</em> (API)</strong> dan <strong data-path-to-node=\"3\" data-index-in-node=\"126\"><em data-path-to-node=\"3\" data-index-in-node=\"126\">Single Sign-On</em> (SSO)</strong> yang memungkinkan integrasi beragam proses bisnis di semua tempat di lingkungan YPI Al Azhar. API memungkinkan integrasi antara berbagai sistem dan aplikasi dengan menyediakan pertukaran informasi yang mudah diakses dan terdefinisi dengan baik untuk berbagi data serta fungsionalitas. Dengan menggunakan API, sistem yang dikembangkan oleh, misalnya, Lembaga Amil Zakat Al Azhar, dapat dengan mudah berinteraksi dengan Salam Al Azhar, sehingga memastikan konsistensi dan kompatibilitas data. Selain itu, API memungkinkan fleksibilitas dalam pengembangan sistem, karena perubahan dalam sistem utama atau sistem terkait dapat dilakukan tanpa mengganggu kinerja sistem lain yang terintegrasi.</p>\r\n<p data-path-to-node=\"4\">Sementara itu, <strong data-path-to-node=\"4\" data-index-in-node=\"15\">SSO</strong> merupakan mekanisme yang memungkinkan pengguna untuk mengakses beberapa sistem atau aplikasi hanya dengan menggunakan satu set kredensial autentikasi. Penerapan SSO dalam konteks YPI Al Azhar akan memudahkan pengguna, seperti guru, staf, dan murid, untuk mengakses berbagai sistem yang dijalankan oleh fakultas dan sistem utama, seperti Salam Al Azhar, tanpa perlu mengingat banyak kombinasi nama pengguna dan kata sandi. Dengan mengimplementasikan SSO, YPI Al Azhar dapat meningkatkan keamanan dan pengalaman pengguna, serta mengurangi beban administrasi terkait pengelolaan akun dan kredensial.</p>\r\n<p data-path-to-node=\"5\">Pemanfaatan API dan SSO secara maksimal akan memungkinkan pengembangan sistem yang lebih luas di lingkungan YPI Al Azhar dengan menciptakan ekosistem yang terintegrasi dan mudah digunakan. Hal ini akan memastikan bahwa kebutuhan proses bisnis, terutama yang belum bisa ditangani oleh Salam Al Azhar, dapat terpenuhi secara efektif dan efisien. Selain itu, integrasi sistem yang lebih luas melalui API dan SSO akan mendukung kolaborasi unit-unit yang saling terkait serta meningkatkan produktivitas dan inovasi dalam pengembangan solusi teknologi informasi yang sesuai dengan kebutuhan dinamis dan beragam di lingkungan YPI Al Azhar.</p>',NULL,NULL,2,'2026-01-08 12:46:26','2026-01-08 12:47:28'),
(75,16,'Ekosistem Pembelajaran Daring','ekosistem-pembelajaran-daring','<p data-path-to-node=\"0\">Pembelajaran daring dan Pembelajaran Jarak Jauh (PJJ) menjadi salah satu misi penting pengembangan YPI Al Azhar pada tahun 2025-2030. Untuk memenuhi kebutuhan tersebut, pengembangan ekosistem pembelajaran daring yang mudah diakses oleh pemangku kepentingan di YPI Al Azhar menjadi prioritas utama dalam rencana strategis IT. Sejalan dengan komitmen YPI Al Azhar untuk menyediakan pendidikan berkualitas tinggi yang inklusif dan adaptif, rencana strategis teknologi informasi ini bertujuan untuk menggambarkan strategi dan rencana aksi yang komprehensif dalam membangun dan mengoptimalkan infrastruktur, platform, dan layanan pendukung pembelajaran daring. Diharapkan, melalui implementasi rencana strategis ini, YPI Al Azhar akan berhasil menciptakan lingkungan pembelajaran yang kaya akan sumber daya, fleksibel, dan responsif terhadap kebutuhan serta tantangan masa depan.</p>\r\n<p data-path-to-node=\"1\">Pembelajaran daring di YPI Al Azhar didukung oleh berbagai platform dan layanan yang dirancang untuk memudahkan proses pembelajaran, komunikasi, dan kolaborasi antara guru, staf, dan murid. Salah satu komponen kunci dalam ekosistem ini adalah <em data-path-to-node=\"1\" data-index-in-node=\"243\">Learning Management System</em> (LMS) seperti Google Classroom dan lain sebagainya. LMS menyediakan wadah bagi guru untuk menyusun, mengelola, dan menyampaikan materi pembelajaran secara terstruktur dan efisien. Selain itu, LMS juga memungkinkan murid untuk mengakses sumber belajar, mengikuti perkembangan tugas dan evaluasi, serta berinteraksi dengan guru dan rekan-rekan mereka dalam diskusi dan kolaborasi.</p>\r\n<p data-path-to-node=\"2\">Selain LMS, platform <em data-path-to-node=\"2\" data-index-in-node=\"21\">video conferencing</em> seperti Zoom memainkan peran penting dalam menyediakan pengalaman pembelajaran jarak jauh yang interaktif dan efektif. Kolaborasi menjadi unsur krusial dalam proses pembelajaran, dan YPI Al Azhar memahami pentingnya penyediaan platform yang mendukung interaksi dan kerja sama yang efektif. Dalam hal ini, YPI Al Azhar telah mengadopsi Google Endpoint dan Jamf School sebagai platform kolaborasi yang terintegrasi dengan baik dalam ekosistem pembelajaran daring. Kedua platform ini menawarkan berbagai alat dan aplikasi yang memungkinkan sekolah dan orang tua murid dapat memantau dan mengelola perangkat yang digunakan murid. Dengan platform tersebut guru, staf, dan murid dapat bekerja sama dalam pembuatan, pengeditan, dan berbagi dokumen, presentasi, dan proyek lainnya. Selain itu, platform-platform ini juga menyediakan layanan komunikasi seperti email, <em data-path-to-node=\"2\" data-index-in-node=\"899\">chat</em>, dan <em data-path-to-node=\"2\" data-index-in-node=\"909\">video call</em> yang terintegrasi, sehingga memudahkan koordinasi di YPI Al Azhar.</p>\r\n<p data-path-to-node=\"3\">Untuk mendukung operasional ekosistem pembelajaran daring ini, YPI Al Azhar akan menginvestasikan dalam pengembangan infrastruktur Pusat Belajar Jarak Jauh (PBJJ) yang handal dan terukur. PBJJ merupakan pusat sumber daya dan layanan yang dirancang khusus untuk mendukung kegiatan pembelajaran jarak jauh. Infrastruktur ini meliputi perangkat keras dan lunak, jaringan, serta sistem pendukung yang diperlukan untuk memastikan kelancaran akses dan kinerja platform pembelajaran daring yang telah disebutkan sebelumnya.</p>\r\n<p data-path-to-node=\"4\">Untuk mendukung akses yang <em data-path-to-node=\"4\" data-index-in-node=\"27\">seamless</em>, PBJJ memanfaatkan teknologi <em data-path-to-node=\"4\" data-index-in-node=\"65\">Software-Defined Wide Area Network</em> (SD-WAN) untuk meningkatkan kualitas konektivitas dan efisiensi pengelolaan jaringan. SD-WAN memungkinkan YPI Al Azhar untuk mengoptimalkan penggunaan berbagai jalur jaringan yang tersedia, termasuk internet publik dan jalur pribadi, sehingga menciptakan jalur komunikasi yang lebih andal dan fleksibel. Dengan menggunakan teknologi ini, YPI Al Azhar dapat memastikan bahwa sivitas akademikanya dapat mengakses ekosistem pembelajaran daring dengan lancar dan konsisten, bahkan di tengah situasi yang menuntut penyesuaian terhadap perubahan kebutuhan dan kondisi jaringan.</p>',NULL,NULL,3,'2026-01-08 12:48:28','2026-01-08 12:49:15'),
(76,16,'Keamanan Data dan Informasi','keamanan-data-dan-informasi','<p data-path-to-node=\"0\">Yayasan Pesantren Islam Al Azhar (YPI Al Azhar) mengakui pentingnya pengelolaan dan penyiapan keamanan data serta infrastruktur dalam mendukung keberlangsungan dan integritas sistem pendidikan. Dalam upaya menciptakan lingkungan yang aman dan terlindungi dari ancaman keamanan siber, Bagian Teknologi Informasi dan Transformasi Digital (TI &amp; TD) YPI Al Azhar mengembangkan berbagai inisiatif dan strategi, termasuk pembentukan tim <em data-path-to-node=\"0\" data-index-in-node=\"431\">Computer Security Incident Response Team</em> (CSIRT), penyusunan kebijakan keamanan, penyelenggaraan pelatihan bagi anggota tim, serta kolaborasi dengan komunitas keamanan di wilayah Indonesia dan Asia Pasifik.</p>\r\n<p data-path-to-node=\"1\">Tim CSIRT dibangun dan merupakan bagian integral dalam strategi keamanan YPI Al Azhar. Tim ini bertugas untuk mengidentifikasi, mencegah, dan menangani insiden keamanan yang berpotensi membahayakan integritas data dan infrastruktur YPI Al Azhar. Melalui kerja sama yang erat dengan unit-unit terkait di YPI Al Azhar, tim CSIRT berperan aktif dalam mengembangkan dan memelihara kebijakan keamanan yang komprehensif dan efektif, serta memastikan bahwa kebijakan tersebut diimplementasikan dan dipatuhi oleh seluruh anggota sivitas akademika. Tim CSIRT YPI Al Azhar juga akan terdaftar sebagai bagian dari EduCSIRT yang dikelola oleh Badan Siber dan Sandi Negara (BSSN).</p>\r\n<p data-path-to-node=\"2\">Kebijakan keamanan yang disusun oleh YPI Al Azhar mencakup berbagai aspek penting dalam pengelolaan dan penyiapan keamanan data dan infrastruktur, seperti penggunaan kata sandi yang kuat, enkripsi data, manajemen akses, serta pencegahan dan deteksi ancaman. Selain itu, kebijakan ini juga mencakup tata kelola dan pengelolaan keamanan fisik, seperti pengendalian akses ke fasilitas dan perangkat keras, serta kebijakan penggunaan dan penyimpanan perangkat <em data-path-to-node=\"2\" data-index-in-node=\"456\">mobile</em> dan media penyimpanan. Dengan kebijakan keamanan yang komprehensif ini, YPI Al Azhar berusaha untuk mengurangi risiko dan dampak insiden keamanan, serta melindungi privasi dan integritas data serta infrastruktur YPI Al Azhar.</p>\r\n<p data-path-to-node=\"3\">Untuk memastikan kompetensi dan kesiapan YPI Al Azhar dari berbagai ancaman keamanan siber, Bagian Teknologi Informasi dan Transformasi Digital (TI &amp; TD) YPI Al Azhar secara rutin menyelenggarakan pelatihan dan pengembangan profesional bagi seluruh pemangku kepentingan. Pelatihan ini melibatkan berbagai topik terkait keamanan siber. Selanjutnya, untuk meningkatkan kompetensi anggota tim CSIRT, Bagian TI &amp; TD YPI Al Azhar juga akan melibatkan anggota tim CSIRT YPI Al Azhar dalam beragam <em data-path-to-node=\"3\" data-index-in-node=\"491\">workshop</em> yang membahas topik seperti teknik penyelidikan insiden, analisis <em data-path-to-node=\"3\" data-index-in-node=\"566\">malware</em>, dan forensik digital, serta penggunaan alat dan teknologi terbaru dalam bidang keamanan siber.</p>\r\n<p data-path-to-node=\"4\">Melalui pengembangan ini, YPI Al Azhar berkomitmen untuk menciptakan lingkungan pendidikan yang aman, terlindungi, dan tangguh terhadap ancaman keamanan siber. Strategi dan inisiatif ini diharapkan dapat meningkatkan kesiapan dan kemampuan YPI Al Azhar dalam menghadapi tantangan keamanan siber yang semakin kompleks dan dinamis, serta melindungi aset informasi dan infrastruktur yang kritis bagi keberlangsungan dan integritas sistem pendidikan YPI Al Azhar.</p>',NULL,NULL,4,'2026-01-08 12:50:37','2026-01-08 12:51:20'),
(77,16,'Standarisasi Perangkat Infrastruktur','standarisasi-perangkat-infrastruktur',NULL,NULL,NULL,5,'2026-01-08 12:52:15','2026-01-08 12:52:15'),
(78,17,'Deskripsi Singkat','deskripsi-singkat',NULL,NULL,NULL,1,'2026-01-08 12:53:47','2026-01-08 12:53:47'),
(79,17,'Timeline Infographic','timeline-infographic',NULL,NULL,NULL,2,'2026-01-08 12:54:19','2026-01-08 12:54:19'),
(80,17,'Hirarki Topologi Tahun 2025 -2030','hirarki-topologi-tahun-2025-2030',NULL,NULL,NULL,3,'2026-01-08 12:54:46','2026-01-08 12:54:46'),
(81,17,'Layanan Internet Al Azhar','layanan-internet-al-azhar',NULL,NULL,NULL,4,'2026-01-08 12:55:29','2026-01-08 12:55:29'),
(82,17,'Pengembangan Internet Al Azhar','pengembangan-internet-al-azhar',NULL,NULL,NULL,5,'2026-01-08 12:56:00','2026-01-08 12:56:00'),
(83,18,'Deskripsi Singkat','deskripsi-singkat',NULL,NULL,NULL,1,'2026-01-08 12:57:31','2026-01-08 12:57:31'),
(84,18,'Tahap Rencana Pengembangan Sistem Informasi Digital','tahap-rencana-pengembangan-sistem-informasi-digital',NULL,NULL,NULL,2,'2026-01-08 12:58:06','2026-01-08 12:58:06'),
(85,18,'Pengembangan Aplikasi Digital Sekolah Al Azhar','pengembangan-aplikasi-digital-sekolah-al-azhar',NULL,NULL,NULL,3,'2026-01-08 12:59:57','2026-01-08 12:59:57'),
(86,18,'Integrasi Database YPI Al Azhar','integrasi-database-ypi-al-azhar',NULL,NULL,NULL,4,'2026-01-08 13:03:06','2026-01-08 13:03:06'),
(87,18,'Rencana Arsitektur Server YPI Al Azhar','rencana-arsitektur-server-ypi-al-azhar',NULL,NULL,NULL,5,'2026-01-08 13:03:47','2026-01-08 13:03:47'),
(88,18,'Program Mekanisme Umpan Balik (feedback) Berkelanjutan','program-mekanisme-umpan-balik-feedback-berkelanjutan',NULL,NULL,NULL,6,'2026-01-08 13:04:29','2026-01-08 13:04:29'),
(89,18,'Program Literasi Digital untuk Pegawai','program-literasi-digital-untuk-pegawai',NULL,NULL,NULL,7,'2026-01-08 13:05:24','2026-01-08 13:05:24'),
(90,18,'Pelatihan Kepedulian Terhadap Keamanan Siber Bertahap','pelatihan-kepedulian-terhadap-keamanan-siber-bertahap',NULL,NULL,NULL,8,'2026-01-08 13:06:22','2026-01-08 13:06:22'),
(91,18,'Workshop Kolaborasi Digital Antar Unit','workshop-kolaborasi-digital-antar-unit',NULL,NULL,NULL,9,'2026-01-08 13:09:54','2026-01-08 13:09:54'),
(92,18,'Smart School (Sekolah Cerdas)','smart-school-sekolah-cerdas',NULL,NULL,NULL,10,'2026-01-08 13:10:55','2026-01-08 13:10:55'),
(93,18,'Penggunaan AI untuk Analisis Data','penggunaan-ai-untuk-analisis-data',NULL,NULL,NULL,11,'2026-01-08 13:11:54','2026-01-08 13:11:54'),
(94,22,'Kata Sambutan','kata-sambutan',NULL,NULL,NULL,1,'2026-01-08 13:22:56','2026-01-08 13:22:56'),
(95,22,'Kata Pengantar','kata-pengantar',NULL,NULL,NULL,2,'2026-01-08 13:23:12','2026-01-08 13:23:12'),
(96,22,'Daftar Isi','daftar-isi',NULL,NULL,NULL,3,'2026-01-08 13:23:28','2026-01-08 13:23:28'),
(97,22,'Dasar Hukum','daftar-isi',NULL,NULL,NULL,5,'2026-01-08 13:23:29','2026-01-08 13:24:30'),
(98,22,'Pendahuluan','pendahuluan',NULL,NULL,NULL,4,'2026-01-08 13:23:48','2026-01-08 13:24:30'),
(99,22,'Istilah & Definisi','istilah-definisi',NULL,NULL,NULL,6,'2026-01-08 13:24:52','2026-01-08 13:24:52'),
(100,26,'Struktur Organisasi','struktur-organisasi',NULL,NULL,NULL,1,'2026-01-08 13:26:19','2026-01-08 13:26:19'),
(101,26,'Tupoksi & Job Deskripsi','tupoksi-job-deskripsi',NULL,NULL,NULL,2,'2026-01-08 13:27:11','2026-01-08 13:27:11'),
(102,26,'Visi & Misi','visi-misi',NULL,NULL,NULL,3,'2026-01-08 13:28:44','2026-01-08 13:28:44'),
(103,26,'Kebutuhan dan Harapan Pihak Terkait','kebutuhan-dan-harapan-pihak-terkait',NULL,NULL,NULL,4,'2026-01-08 13:29:03','2026-01-08 13:29:03'),
(104,26,'Ruang Lingkup','ruang-lingkup',NULL,NULL,NULL,5,'2026-01-08 13:29:37','2026-01-08 13:29:37'),
(105,27,'Persyaratan Umum','persyaratan-umum',NULL,NULL,NULL,1,'2026-01-08 13:30:50','2026-01-08 13:30:50'),
(106,27,'Peta Proses Bisnis','peta-proses-bisnis',NULL,NULL,NULL,2,'2026-01-08 13:31:07','2026-01-08 13:31:07'),
(107,27,'Sistem Terdokumentasi','sistem-terdokumentasi',NULL,NULL,NULL,3,'2026-01-08 13:31:27','2026-01-08 13:31:27'),
(108,28,'Kepemimpinan dan Komitmen','kepemimpinan-dan-komitmen',NULL,NULL,NULL,1,'2026-01-08 13:33:21','2026-01-08 13:33:21'),
(109,28,'Kebijakan Mutu','kebijakan-mutu',NULL,NULL,NULL,2,'2026-01-08 13:36:34','2026-01-08 13:36:34'),
(110,29,'Pertimbangan dan Perencanaan Organisasi','pertimbangan-dan-perencanaan-organisasi',NULL,NULL,NULL,1,'2026-01-08 13:39:26','2026-01-08 13:39:26'),
(111,29,'Sasaran Mutu dan Perencanaan untuk Pencapaiannya','sasaran-mutu-dan-perencanaan-untuk-pencapaiannya',NULL,NULL,NULL,2,'2026-01-08 13:39:46','2026-01-08 13:39:46'),
(112,29,'Perubahaan Rencana','perubahaan-rencana',NULL,NULL,NULL,3,'2026-01-08 13:40:49','2026-01-08 13:40:49'),
(113,30,'Sumber Daya','sumber-daya',NULL,NULL,NULL,1,'2026-01-08 13:41:48','2026-01-08 13:41:48'),
(114,30,'Kompetensi','sumber-daya',NULL,NULL,NULL,2,'2026-01-08 13:41:48','2026-01-08 13:42:07'),
(115,30,'Kesadaran dan Komunikasi','kesadaran-dan-komunikasi',NULL,NULL,NULL,3,'2026-01-08 13:42:24','2026-01-08 13:42:24'),
(116,30,'Informasi Terdokumentasi','informasi-terdokumentasi',NULL,NULL,NULL,4,'2026-01-08 13:43:09','2026-01-08 13:43:09');
/*!40000 ALTER TABLE `lessons` ENABLE KEYS */;
UNLOCK TABLES;
DROP TABLE IF EXISTS `migrations`;
/*!40101 SET @saved_cs_client     = @@character_set_client */;
/*!40101 SET character_set_client = utf8 */;
CREATE TABLE `migrations` (
  `id` int(10) unsigned NOT NULL AUTO_INCREMENT,
  `migration` varchar(255) NOT NULL,
  `batch` int(11) NOT NULL,
  PRIMARY KEY (`id`)
) ENGINE=InnoDB AUTO_INCREMENT=21 DEFAULT CHARSET=utf8mb4 COLLATE=utf8mb4_unicode_ci;
/*!40101 SET character_set_client = @saved_cs_client */;

LOCK TABLES `migrations` WRITE;
/*!40000 ALTER TABLE `migrations` DISABLE KEYS */;
INSERT INTO `migrations` VALUES
(1,'0001_01_01_000000_create_users_table',1),
(2,'0001_01_01_000001_create_cache_table',1),
(3,'0001_01_01_000002_create_jobs_table',1),
(4,'2026_01_02_063620_add_fields_to_users_table',1),
(5,'2026_01_02_063628_create_courses_table',1),
(6,'2026_01_02_063634_create_modules_table',1),
(7,'2026_01_02_063640_create_lessons_table',1),
(8,'2026_01_02_063646_create_lesson_attachments_table',1),
(9,'2026_01_02_063652_create_lesson_references_table',1),
(10,'2026_01_02_063658_create_enrollments_table',1),
(11,'2026_01_02_063705_create_user_progress_table',1),
(12,'2026_01_02_063712_create_user_notes_table',1),
(13,'2026_01_02_063718_create_discussions_table',1),
(14,'2026_01_02_063724_create_discussion_replies_table',1),
(15,'2026_01_02_063729_create_course_reviews_table',1),
(16,'2026_01_02_063735_create_user_activities_table',1),
(17,'2026_01_12_061604_create_activity_log_table',2),
(18,'2026_01_12_061605_add_event_column_to_activity_log_table',2),
(19,'2026_01_12_061606_add_batch_uuid_column_to_activity_log_table',2),
(20,'2026_01_12_062115_add_google_fields_to_users_table',3);
/*!40000 ALTER TABLE `migrations` ENABLE KEYS */;
UNLOCK TABLES;
DROP TABLE IF EXISTS `modules`;
/*!40101 SET @saved_cs_client     = @@character_set_client */;
/*!40101 SET character_set_client = utf8 */;
CREATE TABLE `modules` (
  `id` bigint(20) unsigned NOT NULL AUTO_INCREMENT,
  `course_id` bigint(20) unsigned NOT NULL,
  `title` varchar(255) NOT NULL,
  `description` text DEFAULT NULL,
  `order` int(11) NOT NULL DEFAULT 0,
  `created_at` timestamp NULL DEFAULT NULL,
  `updated_at` timestamp NULL DEFAULT NULL,
  PRIMARY KEY (`id`),
  KEY `modules_course_id_order_index` (`course_id`,`order`),
  CONSTRAINT `modules_course_id_foreign` FOREIGN KEY (`course_id`) REFERENCES `courses` (`id`) ON DELETE CASCADE
) ENGINE=InnoDB AUTO_INCREMENT=32 DEFAULT CHARSET=utf8mb4 COLLATE=utf8mb4_unicode_ci;
/*!40101 SET character_set_client = @saved_cs_client */;

LOCK TABLES `modules` WRITE;
/*!40000 ALTER TABLE `modules` DISABLE KEYS */;
INSERT INTO `modules` VALUES
(1,1,'Persiapan','Lorem ipsum dolor sit amet consectetur adipiscing elit',1,'2026-01-07 03:49:44','2026-01-07 03:49:44'),
(2,1,'Pendahuluan','Lorem ipsum dolor sit amet consectetur adipiscing elit',2,'2026-01-07 03:59:30','2026-01-07 03:59:30'),
(6,7,'Persiapan Belajar','Lorem ipsum dolor sit amet consectetur adipiscing elit',1,'2026-01-07 07:37:45','2026-01-07 07:37:45'),
(7,8,'Persiapan Belajar','Lorem ipsum dolor sit amet consectetur adipiscing elit',1,'2026-01-07 07:48:41','2026-01-07 07:48:41'),
(8,7,'Pengenalan Video Editing','Lorem ipsum dolor sit amet consectetur adipiscing elit',2,'2026-01-07 08:04:21','2026-01-07 08:04:21'),
(9,7,'Menambahkan Elemen Dasar','Lorem ipsum dolor sit amet consectetur adipiscing elit',3,'2026-01-07 08:06:14','2026-01-07 08:06:14'),
(10,7,'Efek dan Penyempurnaan','Lorem ipsum dolor sit amet consectetur adipiscing elit',4,'2026-01-07 08:07:35','2026-01-07 08:07:35'),
(11,7,'Project Akhir','Lorem ipsum dolor sit amet consectetur adipiscing elit',5,'2026-01-07 08:08:46','2026-01-07 08:08:46'),
(12,8,'Pengenalan Desain & Canva','Lorem ipsum dolor sit amet consectetur adipiscing elit.',2,'2026-01-08 00:37:24','2026-01-08 00:37:24'),
(13,8,'Elemen Desain Dasar','Lorem ipsum dolor sit amet consectetur adipiscing elit.',3,'2026-01-08 00:39:06','2026-01-08 00:39:06'),
(14,8,'Membuat Desain untuk Berbagai Keperluan',NULL,4,'2026-01-08 00:40:28','2026-01-08 00:40:28'),
(15,8,'Project Akhir','Lorem ipsum dolor sit amet consectetur adipiscing elit.',5,'2026-01-08 00:41:52','2026-01-08 00:41:52'),
(16,1,'Analisa Lingkungan & Organisasi','Lorem ipsum dolor sit amet, consectetur adipiscing elit',3,'2026-01-08 12:44:24','2026-01-08 12:44:24'),
(17,1,'Analisis Pengembangan Jaringan Komputer','Lorem ipsum dolor sit amet consectetur adipiscing elit',4,'2026-01-08 12:53:14','2026-01-08 12:53:14'),
(18,1,'Analisa Pengembangan Sistem Informasi Digital','Lorem ipsum dolor sit amet consectetur adipiscing elit',5,'2026-01-08 12:56:57','2026-01-08 12:56:57'),
(19,1,'Analisis Kelayakan','Lorem ipsum dolor sit amet, consectetur adipiscing elit',6,'2026-01-08 13:12:45','2026-01-08 13:12:45'),
(20,1,'Analisis SWOT','Lorem ipsum dolor sit amet, consectetur adipiscing elit',7,'2026-01-08 13:15:47','2026-01-08 13:15:47'),
(21,1,'Penutup','Lorem ipsum dolor sit amet, consectetur adipiscing elit',8,'2026-01-08 13:17:29','2026-01-08 13:17:29'),
(22,5,'Persiapan','Lorem ipsum dolor sit amet, consectetur adipiscing elit',1,'2026-01-08 13:19:18','2026-01-08 13:19:18'),
(26,5,'Profil Organisasi','Lorem ipsum dolor sit amet, consectetur adipiscing elit',5,'2026-01-08 13:21:41','2026-01-08 13:21:41'),
(27,5,'Sistem Manajemen Mutu','Lorem ipsum dolor sit amet, consectetur adipiscing eli',6,'2026-01-08 13:30:10','2026-01-08 13:30:10'),
(28,5,'Kepemimpinan','Lorem ipsum dolor sit amet consectetur adipiscing elit',7,'2026-01-08 13:31:54','2026-01-08 13:31:54'),
(29,5,'Perencanaan','Lorem ipsum dolor sit amet, consectetur adipiscing elit,',8,'2026-01-08 13:38:42','2026-01-08 13:38:42'),
(30,5,'Pendukung','Lorem ipsum dolor sit amet, consectetur adipiscing elit,',9,'2026-01-08 13:41:11','2026-01-08 13:41:11'),
(31,5,'Pelaksanaan','Lorem ipsum dolor sit amet, consectetur adipiscing elit,',10,'2026-01-08 13:43:53','2026-01-08 13:43:53');
/*!40000 ALTER TABLE `modules` ENABLE KEYS */;
UNLOCK TABLES;
DROP TABLE IF EXISTS `password_reset_tokens`;
/*!40101 SET @saved_cs_client     = @@character_set_client */;
/*!40101 SET character_set_client = utf8 */;
CREATE TABLE `password_reset_tokens` (
  `email` varchar(255) NOT NULL,
  `token` varchar(255) NOT NULL,
  `created_at` timestamp NULL DEFAULT NULL,
  PRIMARY KEY (`email`)
) ENGINE=InnoDB DEFAULT CHARSET=utf8mb4 COLLATE=utf8mb4_unicode_ci;
/*!40101 SET character_set_client = @saved_cs_client */;

LOCK TABLES `password_reset_tokens` WRITE;
/*!40000 ALTER TABLE `password_reset_tokens` DISABLE KEYS */;
/*!40000 ALTER TABLE `password_reset_tokens` ENABLE KEYS */;
UNLOCK TABLES;
DROP TABLE IF EXISTS `sessions`;
/*!40101 SET @saved_cs_client     = @@character_set_client */;
/*!40101 SET character_set_client = utf8 */;
CREATE TABLE `sessions` (
  `id` varchar(255) NOT NULL,
  `user_id` bigint(20) unsigned DEFAULT NULL,
  `ip_address` varchar(45) DEFAULT NULL,
  `user_agent` text DEFAULT NULL,
  `payload` longtext NOT NULL,
  `last_activity` int(11) NOT NULL,
  PRIMARY KEY (`id`),
  KEY `sessions_user_id_index` (`user_id`),
  KEY `sessions_last_activity_index` (`last_activity`)
) ENGINE=InnoDB DEFAULT CHARSET=utf8mb4 COLLATE=utf8mb4_unicode_ci;
/*!40101 SET character_set_client = @saved_cs_client */;

LOCK TABLES `sessions` WRITE;
/*!40000 ALTER TABLE `sessions` DISABLE KEYS */;
INSERT INTO `sessions` VALUES
('bRm9JL505NFkzTmhCIYIHmRHNvs9x15WEqkj5kk3',NULL,'127.0.0.1','Mozilla/5.0 (Windows NT 10.0; Win64; x64) AppleWebKit/537.36 (KHTML, like Gecko) Chrome/143.0.0.0 Safari/537.36','YTozOntzOjY6Il90b2tlbiI7czo0MDoiNUNBMWxXVXlob0FDMXl5eGtQYWxQUFBYVzU0NnVNNGVLSXFLb3oyYyI7czo5OiJfcHJldmlvdXMiO2E6Mjp7czozOiJ1cmwiO3M6MjE6Imh0dHA6Ly8xMjcuMC4wLjE6ODAwMCI7czo1OiJyb3V0ZSI7czo0OiJob21lIjt9czo2OiJfZmxhc2giO2E6Mjp7czozOiJvbGQiO2E6MDp7fXM6MzoibmV3IjthOjA6e319fQ==',1768198229),
('FEdPSC8k6407gkUWa9SF6oudSyokE0Di6wEftW87',NULL,'127.0.0.1','Mozilla/5.0 (Windows NT 10.0; Win64; x64) AppleWebKit/537.36 (KHTML, like Gecko) Chrome/143.0.0.0 Safari/537.36','YTozOntzOjY6Il90b2tlbiI7czo0MDoiVUxGUjBUMExuSWVwVmxKWDZRMk9zemhMczlKVHNmQzlrYW52cmp5aiI7czo5OiJfcHJldmlvdXMiO2E6Mjp7czozOiJ1cmwiO3M6Mzc6Imh0dHA6Ly8xMjcuMC4wLjE6OTAwMi8/bW9ub3NwYWNlVWlkPTAiO3M6NToicm91dGUiO3M6NDoiaG9tZSI7fXM6NjoiX2ZsYXNoIjthOjI6e3M6Mzoib2xkIjthOjA6e31zOjM6Im5ldyI7YTowOnt9fX0=',1768198101),
('svyLQbtuuiuV9qSLKRbcjRtKmxWnDMZZMuuN44Zi',NULL,'127.0.0.1','Mozilla/5.0 (Windows NT 10.0; Win64; x64) AppleWebKit/537.36 (KHTML, like Gecko) Chrome/143.0.0.0 Safari/537.36','YTozOntzOjY6Il90b2tlbiI7czo0MDoiS0dHNzNHMTlKSjRpWDd4d3RaNlBwbzYxSjQ5Z0ZDcE5wMzZST1plQiI7czo5OiJfcHJldmlvdXMiO2E6Mjp7czozOiJ1cmwiO3M6NDI6Imh0dHA6Ly8xMjcuMC4wLjE6OTAwMi8/bW9ub3NwYWNlVWlkPTUxMTA4MyI7czo1OiJyb3V0ZSI7czo0OiJob21lIjt9czo2OiJfZmxhc2giO2E6Mjp7czozOiJvbGQiO2E6MDp7fXM6MzoibmV3IjthOjA6e319fQ==',1768198101),
('t9TcNtsvazSIJbEt64055d3iKvq0A7P21mGWQL9m',1,'127.0.0.1','Mozilla/5.0 (Windows NT 10.0; Win64; x64) AppleWebKit/537.36 (KHTML, like Gecko) Chrome/143.0.0.0 Safari/537.36 Edg/143.0.0.0','YTo0OntzOjY6Il90b2tlbiI7czo0MDoiSHJVN0toWFNEMVdFczRDVTlZbHhPSVVSUDR5eG9KZHVhSFF5RVRrVCI7czo2OiJfZmxhc2giO2E6Mjp7czozOiJvbGQiO2E6MDp7fXM6MzoibmV3IjthOjA6e319czo5OiJfcHJldmlvdXMiO2E6Mjp7czozOiJ1cmwiO3M6MzU6Imh0dHA6Ly8xMjcuMC4wLjE6ODAwMC9hZG1pbi9iYWNrdXBzIjtzOjU6InJvdXRlIjtzOjE5OiJhZG1pbi5iYWNrdXBzLmluZGV4Ijt9czo1MDoibG9naW5fd2ViXzU5YmEzNmFkZGMyYjJmOTQwMTU4MGYwMTRjN2Y1OGVhNGUzMDk4OWQiO2k6MTt9',1768202492);
/*!40000 ALTER TABLE `sessions` ENABLE KEYS */;
UNLOCK TABLES;
DROP TABLE IF EXISTS `user_activities`;
/*!40101 SET @saved_cs_client     = @@character_set_client */;
/*!40101 SET character_set_client = utf8 */;
CREATE TABLE `user_activities` (
  `id` bigint(20) unsigned NOT NULL AUTO_INCREMENT,
  `user_id` bigint(20) unsigned NOT NULL,
  `activity_type` varchar(50) NOT NULL COMMENT 'course_enrolled, lesson_completed, etc',
  `activity_data` longtext CHARACTER SET utf8mb4 COLLATE utf8mb4_bin DEFAULT NULL CHECK (json_valid(`activity_data`)),
  `created_at` timestamp NOT NULL DEFAULT current_timestamp(),
  PRIMARY KEY (`id`),
  KEY `user_activities_user_id_index` (`user_id`),
  KEY `user_activities_activity_type_index` (`activity_type`),
  KEY `user_activities_created_at_index` (`created_at`),
  CONSTRAINT `user_activities_user_id_foreign` FOREIGN KEY (`user_id`) REFERENCES `users` (`id`) ON DELETE CASCADE
) ENGINE=InnoDB AUTO_INCREMENT=9 DEFAULT CHARSET=utf8mb4 COLLATE=utf8mb4_unicode_ci;
/*!40101 SET character_set_client = @saved_cs_client */;

LOCK TABLES `user_activities` WRITE;
/*!40000 ALTER TABLE `user_activities` DISABLE KEYS */;
INSERT INTO `user_activities` VALUES
(1,3,'course_enrolled','\"{\\\"course_id\\\":1}\"','2026-01-07 03:50:35'),
(2,2,'course_enrolled','\"{\\\"course_id\\\":1}\"','2026-01-07 06:03:38'),
(3,3,'course_enrolled','\"{\\\"course_id\\\":4}\"','2026-01-07 06:38:08'),
(4,3,'course_enrolled','\"{\\\"course_id\\\":7}\"','2026-01-07 07:40:19'),
(5,1,'course_enrolled','\"{\\\"course_id\\\":1}\"','2026-01-09 00:15:28'),
(6,1,'course_enrolled','\"{\\\"course_id\\\":7}\"','2026-01-09 00:16:12'),
(7,7,'course_enrolled','\"{\\\"course_id\\\":7}\"','2026-01-12 04:09:23'),
(8,8,'course_enrolled','\"{\\\"course_id\\\":8}\"','2026-01-12 07:04:16');
/*!40000 ALTER TABLE `user_activities` ENABLE KEYS */;
UNLOCK TABLES;
DROP TABLE IF EXISTS `user_notes`;
/*!40101 SET @saved_cs_client     = @@character_set_client */;
/*!40101 SET character_set_client = utf8 */;
CREATE TABLE `user_notes` (
  `id` bigint(20) unsigned NOT NULL AUTO_INCREMENT,
  `user_id` bigint(20) unsigned NOT NULL,
  `lesson_id` bigint(20) unsigned NOT NULL,
  `note` text NOT NULL,
  `created_at` timestamp NULL DEFAULT NULL,
  `updated_at` timestamp NULL DEFAULT NULL,
  PRIMARY KEY (`id`),
  KEY `user_notes_user_id_lesson_id_index` (`user_id`,`lesson_id`),
  KEY `user_notes_lesson_id_foreign` (`lesson_id`),
  CONSTRAINT `user_notes_lesson_id_foreign` FOREIGN KEY (`lesson_id`) REFERENCES `lessons` (`id`) ON DELETE CASCADE,
  CONSTRAINT `user_notes_user_id_foreign` FOREIGN KEY (`user_id`) REFERENCES `users` (`id`) ON DELETE CASCADE
) ENGINE=InnoDB AUTO_INCREMENT=2 DEFAULT CHARSET=utf8mb4 COLLATE=utf8mb4_unicode_ci;
/*!40101 SET character_set_client = @saved_cs_client */;

LOCK TABLES `user_notes` WRITE;
/*!40000 ALTER TABLE `user_notes` DISABLE KEYS */;
INSERT INTO `user_notes` VALUES
(1,3,3,'Apa yaaaa','2026-01-07 06:19:58','2026-01-07 06:19:58');
/*!40000 ALTER TABLE `user_notes` ENABLE KEYS */;
UNLOCK TABLES;
DROP TABLE IF EXISTS `user_progress`;
/*!40101 SET @saved_cs_client     = @@character_set_client */;
/*!40101 SET character_set_client = utf8 */;
CREATE TABLE `user_progress` (
  `id` bigint(20) unsigned NOT NULL AUTO_INCREMENT,
  `user_id` bigint(20) unsigned NOT NULL,
  `lesson_id` bigint(20) unsigned NOT NULL,
  `is_completed` tinyint(1) NOT NULL DEFAULT 0,
  `completed_at` timestamp NULL DEFAULT NULL,
  `last_position` int(11) NOT NULL DEFAULT 0 COMMENT 'video position dalam detik',
  `created_at` timestamp NULL DEFAULT NULL,
  `updated_at` timestamp NULL DEFAULT NULL,
  PRIMARY KEY (`id`),
  UNIQUE KEY `user_progress_user_id_lesson_id_unique` (`user_id`,`lesson_id`),
  KEY `user_progress_user_id_index` (`user_id`),
  KEY `user_progress_lesson_id_index` (`lesson_id`),
  CONSTRAINT `user_progress_lesson_id_foreign` FOREIGN KEY (`lesson_id`) REFERENCES `lessons` (`id`) ON DELETE CASCADE,
  CONSTRAINT `user_progress_user_id_foreign` FOREIGN KEY (`user_id`) REFERENCES `users` (`id`) ON DELETE CASCADE
) ENGINE=InnoDB AUTO_INCREMENT=37 DEFAULT CHARSET=utf8mb4 COLLATE=utf8mb4_unicode_ci;
/*!40101 SET character_set_client = @saved_cs_client */;

LOCK TABLES `user_progress` WRITE;
/*!40000 ALTER TABLE `user_progress` DISABLE KEYS */;
INSERT INTO `user_progress` VALUES
(1,3,1,1,'2026-01-07 03:57:26',0,'2026-01-07 03:57:23','2026-01-07 03:57:26'),
(2,3,2,1,'2026-01-07 03:57:30',0,'2026-01-07 03:57:29','2026-01-07 03:57:30'),
(3,3,3,1,'2026-01-07 04:01:34',0,'2026-01-07 04:01:34','2026-01-07 04:01:34'),
(4,3,4,1,'2026-01-07 04:04:34',0,'2026-01-07 04:04:34','2026-01-07 04:04:34'),
(5,3,5,1,'2026-01-07 04:06:57',0,'2026-01-07 04:06:57','2026-01-07 04:06:57'),
(6,3,6,1,'2026-01-07 04:14:47',0,'2026-01-07 04:14:47','2026-01-07 04:14:47'),
(7,3,7,1,'2026-01-07 04:15:03',0,'2026-01-07 04:14:59','2026-01-07 04:15:03'),
(8,3,8,1,'2026-01-07 04:15:13',0,'2026-01-07 04:15:13','2026-01-07 04:15:13'),
(9,2,2,1,'2026-01-07 06:04:11',0,'2026-01-07 06:04:11','2026-01-07 06:04:11'),
(10,2,1,1,'2026-01-07 06:04:14',0,'2026-01-07 06:04:14','2026-01-07 06:04:14'),
(11,3,21,1,'2026-01-07 07:44:30',0,'2026-01-07 07:44:29','2026-01-07 07:44:30'),
(12,3,31,1,'2026-01-07 08:15:05',0,'2026-01-07 08:15:05','2026-01-07 08:15:05'),
(13,3,15,1,'2026-01-08 00:53:53',0,'2026-01-08 00:53:51','2026-01-08 00:53:53'),
(14,3,16,1,'2026-01-08 00:55:10',0,'2026-01-08 00:55:10','2026-01-08 00:55:10'),
(15,3,17,1,'2026-01-08 00:59:25',0,'2026-01-08 00:59:25','2026-01-08 00:59:25'),
(16,3,18,1,'2026-01-08 01:02:18',0,'2026-01-08 01:02:18','2026-01-08 01:02:18'),
(17,3,19,1,'2026-01-08 01:03:07',0,'2026-01-08 01:03:07','2026-01-08 01:03:07'),
(18,3,20,1,'2026-01-08 01:06:06',0,'2026-01-08 01:06:06','2026-01-08 01:06:06'),
(19,3,29,1,'2026-01-08 01:30:58',0,'2026-01-08 01:30:58','2026-01-08 01:30:58'),
(20,3,30,1,'2026-01-08 02:00:01',0,'2026-01-08 02:00:01','2026-01-08 02:00:01'),
(21,3,32,1,'2026-01-08 02:00:27',0,'2026-01-08 02:00:27','2026-01-08 02:00:27'),
(22,3,33,1,'2026-01-08 02:04:49',0,'2026-01-08 02:04:25','2026-01-08 02:04:49'),
(23,3,34,1,'2026-01-08 02:06:18',0,'2026-01-08 02:05:37','2026-01-08 02:06:18'),
(24,3,35,1,'2026-01-08 02:07:28',0,'2026-01-08 02:06:43','2026-01-08 02:07:28'),
(25,3,36,1,'2026-01-08 02:21:10',0,'2026-01-08 02:13:14','2026-01-08 02:21:10'),
(26,3,37,1,'2026-01-08 02:24:56',0,'2026-01-08 02:24:56','2026-01-08 02:24:56'),
(27,3,38,1,'2026-01-08 02:25:07',0,'2026-01-08 02:25:07','2026-01-08 02:25:07'),
(28,3,61,1,'2026-01-08 12:19:27',0,'2026-01-08 12:19:27','2026-01-08 12:19:27'),
(29,3,62,1,'2026-01-08 12:24:20',0,'2026-01-08 12:24:20','2026-01-08 12:24:20'),
(30,1,1,1,'2026-01-09 00:15:42',0,'2026-01-09 00:15:42','2026-01-09 00:15:42'),
(31,1,29,0,NULL,0,'2026-01-09 00:17:45','2026-01-09 00:17:45'),
(32,1,15,1,'2026-01-09 00:17:50',0,'2026-01-09 00:17:50','2026-01-09 00:17:50'),
(33,1,30,1,'2026-01-09 00:24:33',0,'2026-01-09 00:24:33','2026-01-09 00:24:33'),
(34,1,3,1,'2026-01-09 00:25:07',0,'2026-01-09 00:25:07','2026-01-09 00:25:07'),
(35,8,22,1,'2026-01-12 07:04:21',0,'2026-01-12 07:04:21','2026-01-12 07:04:21'),
(36,8,23,1,'2026-01-12 07:04:26',0,'2026-01-12 07:04:26','2026-01-12 07:04:26');
/*!40000 ALTER TABLE `user_progress` ENABLE KEYS */;
UNLOCK TABLES;
DROP TABLE IF EXISTS `users`;
/*!40101 SET @saved_cs_client     = @@character_set_client */;
/*!40101 SET character_set_client = utf8 */;
CREATE TABLE `users` (
  `id` bigint(20) unsigned NOT NULL AUTO_INCREMENT,
  `name` varchar(255) NOT NULL,
  `email` varchar(255) NOT NULL,
  `role` enum('admin','kontributor','user') NOT NULL DEFAULT 'user',
  `email_verified_at` timestamp NULL DEFAULT NULL,
  `password` varchar(255) NOT NULL,
  `avatar` varchar(255) DEFAULT NULL,
  `employee_id` varchar(255) DEFAULT NULL,
  `google_id` varchar(255) DEFAULT NULL,
  `is_active` tinyint(1) NOT NULL DEFAULT 1,
  `remember_token` varchar(100) DEFAULT NULL,
  `created_at` timestamp NULL DEFAULT NULL,
  `updated_at` timestamp NULL DEFAULT NULL,
  PRIMARY KEY (`id`),
  UNIQUE KEY `users_email_unique` (`email`),
  UNIQUE KEY `users_employee_id_unique` (`employee_id`),
  UNIQUE KEY `users_google_id_unique` (`google_id`)
) ENGINE=InnoDB AUTO_INCREMENT=9 DEFAULT CHARSET=utf8mb4 COLLATE=utf8mb4_unicode_ci;
/*!40101 SET character_set_client = @saved_cs_client */;

LOCK TABLES `users` WRITE;
/*!40000 ALTER TABLE `users` DISABLE KEYS */;
INSERT INTO `users` VALUES
(1,'Donar Azhar','donarazhar@gmail.com','admin','2026-01-07 03:43:41','$2y$12$yMOEjxn5LGHRA1HirQC9Re/s.MtrZulI/DUssrJkgfk7RxY3oyR9i','https://lh3.googleusercontent.com/a/ACg8ocJIFKiKv4pZZOG3YvUUTr0qhihPVWdKzReWlWVHNwxOUjAxZqqm=s96-c','EMP001','108296558579752834900',1,'JVIVCbaYa9p1FdHSLqrEKdPhbaduc8D3KPn33ApCXP0JFyfY6RJNsEB0CB23','2026-01-07 03:43:41','2026-01-12 06:29:59'),
(2,'Contributor','contributor@example.com','kontributor','2026-01-07 03:43:41','$2y$12$E1wzRDrN4xSiQwDh.X2o7u.FBvNStg0iuBsPVZR5hNaFpq8hTI.Ju','avatars/contributor.jpg','EMP002',NULL,1,'tQyGheeMiDMkrcceUhZKXzneVwYNij6VoHJHwNv3ikltqAIEO0I9xILgT90W','2026-01-07 03:43:41','2026-01-08 00:46:22'),
(3,'Jane Doe','jane@example.com','user','2026-01-07 03:43:41','$2y$12$9zHZj9kfC11b06UlCYbIouyzmQAlU9EQIS2/sU.5l0tnIBEZXufji','avatars/jane.jpg','EMP003',NULL,1,'KH0q9qyP3oEOkU6Nhk4qe1uEu7ZOFjrY6T2kyDtcsLtTL2J6CZOGt2liM8L8','2026-01-07 03:43:42','2026-01-07 03:43:42'),
(4,'Bob Smith','bob@example.com','user','2026-01-07 03:43:42','$2y$12$s7ks.zAI/ohDMX/D53e8m.EGxv2R9mJr.6fv2NFjSRoXY9LWYeFEG',NULL,'EMP004',NULL,1,'irpykpuURS','2026-01-07 03:43:42','2026-01-07 03:43:42'),
(5,'Alice Johnson','alice@example.com','user','2026-01-07 03:43:42','$2y$12$nJu3uiAGjROih4ORTiC1OuUBXIFPNYpdkV/ubCSB1nyjxUBPVxdrC','avatars/alice.jpg','EMP005',NULL,1,'5XoDVN6Fds','2026-01-07 03:43:42','2026-01-07 03:43:42'),
(6,'Donar Sosmed','donarsosmed@gmail.com','user',NULL,'$2y$12$dAkYVZ4bHU.oKBI5Qmk6x.16QwQUoDRcMzOekaq3qt1ilJfuDhUFy','https://lh3.googleusercontent.com/a/ACg8ocIqlwmouyy8j-cM6PIdCr_PtoUvloOsAqyR37KEJqD0fnKeVCk=s96-c','GOOGLE-9065DKKH','116404365987354840928',1,'P9QoGOkij2orsaJ9bNW7FIQ4oQU46TDr0RBrfaMYcIGi2WUKIlfmUyQ1mZkK','2026-01-12 04:07:35','2026-01-12 07:18:03'),
(7,'Al Azhar Badminton Club','alazharbulutangkis@gmail.com','user',NULL,'$2y$12$Bxltoq4z4gajANPYt3u25.qXsrACaSBkgpvijE4iBSwRTDG3bvuxy','https://lh3.googleusercontent.com/a/ACg8ocJPRkS3OwbMDVRC6XtDbdupfI4QKYf4MNGEhlli0EFf4jSXp-M=s96-c','GOOGLE-WFC1KFRF',NULL,1,'Y3T2ATXKtLueIqaMsaZLCyRnmWRNJgWVvUYL1zmjlEMUZArV4wj45IdOIhtF','2026-01-12 04:09:07','2026-01-12 04:09:07'),
(8,'Masjid Agung Al Azhar','masjidagungalazhar@gmail.com','user',NULL,'$2y$12$cDdmJTTbgliOcnFscCKaF.SiASXtpLylL78o2fjcZGcaI2dgud4fq','https://lh3.googleusercontent.com/a/ACg8ocLLNOAxS6ngZF5xVGRPwIW5nvHalyXMfcfRJdw-EKYaWulyDj-j=s96-c','GOOGLE-UZXEC3TH','117600804676044078035',1,'JgGRa8wRv0ESkhmensYIHRAYwBAlAI2WMQWaUrQjLPcyGavfhZVo4Si5khlQ','2026-01-12 07:04:09','2026-01-12 07:04:09');
/*!40000 ALTER TABLE `users` ENABLE KEYS */;
UNLOCK TABLES;
/*!40103 SET TIME_ZONE=@OLD_TIME_ZONE */;

/*!40101 SET SQL_MODE=@OLD_SQL_MODE */;
/*!40014 SET FOREIGN_KEY_CHECKS=@OLD_FOREIGN_KEY_CHECKS */;
/*!40014 SET UNIQUE_CHECKS=@OLD_UNIQUE_CHECKS */;
/*!40101 SET CHARACTER_SET_CLIENT=@OLD_CHARACTER_SET_CLIENT */;
/*!40101 SET CHARACTER_SET_RESULTS=@OLD_CHARACTER_SET_RESULTS */;
/*!40101 SET COLLATION_CONNECTION=@OLD_COLLATION_CONNECTION */;
/*!40111 SET SQL_NOTES=@OLD_SQL_NOTES */;

